{"j14WgRoU_-2ZE1aw1dXrJg": 0, "MGPQVLsODMm9ZtYQW-g_OA": 1, "NIhcRW6DWvk1JQhDhXwgOQ": 2, "rppTTi-kfF8-qyiArNemag": 3, "AkBtT43dYcttxQ3qOzPBAg": 4, "IpLRJY4CP3fXtlEd8Y4GFQ": 5, "RgDVC3ZUBqpEe6Y1kPhIpw": 6, "UQFE3BT1rsIYrcDvu_XVow": 7, "gRL9s6ENxV1qermRYDWjPQ": 8, "0G-QF457q_0Z_jKqh6xWiA": 9, "ITa3vh5ERI90G_WP4SmGUQ": 10, "P5bUL3Engv-2z6kKohB6qQ": 11, "ouODopBKF3AqfCkuQEnrDg": 12, "8Akq8sh1LSmJbqa6Jjxxqg": 13, "YMgZqBUAddmFErxLtCfK_w": 14, "Z2pXm4f-2O5ZpMUmXuYK0Q": 15, "UVUIi0q38pAvsfuEEppe0Q": 16, "UJEjJgi1xpmLR4b3J8fn2Q": 17, "MUzkXfPS9JaMgJ907orz0g": 18, "4PE0tDvV9Lo8VW8kDW1SFQ": 19, "v9VCObZVWhOPdm1rKt8Dvg": 20, "drui1iMt-TPzJiSkQp5CtA": 21, "Bnf-KvDhT8WXrpv2WJEOQQ": 22, "BgZwJBhVWKq1Urs4rKBdiA": 23, "m07sy7eLtOjVdZ8oN9JKag": 24, "ci7Q6NvXQ8UZrBHusVX18g": 25, "Js4nQlGRjS1Bd5vsAQQfgA": 26, "eTvp_hYnsrI5-ow_sQ31_g": 27, "in672plSIGcbOj2q5moYwg": 28, "OgYi5x02MBukfxPNFe1ePg": 29, "2XKlUjHGk9z-2ckFMcBEHw": 30, "SH-GRUQlUZTco0ofRbwVdQ": 31, "fHS0bQ-l5rHME_xXKQSYXQ": 32, "CQUDh80m48xnzUkx-X5NAw": 33, "yCyYKXclouR94TnpRLBGRQ": 34, "M9puGD3VU5FuhE60HklCvg": 35, "x6erNzhuM_c7xW6PlqClIQ": 36, "GG0mFsEXb-02_dzFPqRV1Q": 37, "nPJw7YpKgHE6fowxgl3l1A": 38, "y9WhhW724xLQ4p_lGQCQkA": 39, "YUFqbfAePA8tgT2zE2y4xQ": 40, "k_muz40jJaiY1PVga6NDXA": 41, "5BpJEC8YVi80ecWT5CtlfQ": 42, "WWnhqRnWWjutMqh-2SzEuQ": 43, "ojxS1v-8nUvEEx4DlsPQrA": 44, "xyad5PXaHTdKrdNClXbMqQ": 45, "HFECrzYDpgbS5EmTBtj2zQ": 46, "aN3hqwdyeT6AmyUq3GgIIA": 47, "2z4CSJ9EH0L-5BmzquYnSg": 48, "NNyr4wknApjc5nF9QOO2Mg": 49, "FlXBpK_YZxLo27jcMdII1w": 50, "lT0jFHCIloX3bnF5eu0ERg": 51, "3hANLGwpP5tXgHOes2XheA": 52, "GmQR50bIII7gDNRYEgfXfA": 53, "rcU7ysY41qGppbw4pQgjqg": 54, "EiwxlbR8fb68lMgEXhcWKA": 55, "Sg_BvnTHsbc1AABiJjaiPA": 56, "JiUmz7l4rNz4-YmOj13i9g": 57, "cMoQqT_j_FD1gO6EEZzOIg": 58, "pxBmvgpiDMN161PwHDtsLw": 59, "IyIsFkVY48JWa01inv-7zA": 60, "u1cvQWB0lB4YsIbtSlUR7g": 61, "2pzrdZiY66lRAlqgnPFtRA": 62, "nBdv5Br4G8pDWXXqSXhUug": 63, "Gag5ANLthXs587HOpWElIg": 64, "g0_x4kVvJAYuk96oCcbOmw": 65, "6Mv-qMJyxSokCu8YFM1o0A": 66, "vScaSrM91Z43ypSR9VfKGg": 67, "g5qD10shooDJEPjt6miMrw": 68, "CHeMEder5ijEoCPLWjto_Q": 69, "_BcWyKQL16ndpBdggh2kNA": 70, "f5KxH3YahdmVBgS1axPoWg": 71, "cUk4n3GMShdIr5pLyt9PFQ": 72, "w-w-k-QXosIKQ8HQVwU6IQ": 73, "HZRfI9weev2Vr_w0jPF8-Q": 74, "WDrVbBxsNZt-0ytEyUAaBg": 75, "kaHmTcEoVS3oQvfJfDe8kg": 76, "73kIryVqqekf3-mlBd4ocQ": 77, "kKTcYPz47sCDH1_ylnE4ZQ": 78, "ET3TgSSQ3shm2mj5vZ8IVQ": 79, "Wxd-EKF2Z4RHZUmwQ6Eeew": 80, "h0Jn9rkacf3tGw5BeZMHWA": 81, "iZpzJ9k4dDgBjuC27MbjvQ": 82, "EIt66bYmFr_2kbs5qsL-0Q": 83, "F_5_UNX-wrAFCXuAkBZRDw": 84, "gGuAM6Cw1VXJGLssm24ehA": 85, "8Zocr6jVED5JQEBvqwEBZw": 86, "hzmTQMkTGTUQ-aRdKAcUzA": 87, "y3Wtx1pOvTiqsJRkjceXiw": 88, "HwL0cUMC7-qghiAKBzMpXg": 89, "HuoP7ejN-LSwkO1UIgmtaw": 90, "cXtE-ZTrNx-hE7usp_f_xg": 91, "BDyCY898xb7QexX-XJgrEw": 92, "Xw7ZjaGfr0WNVt6s_5KZfA": 93, "pou3BbKsIozfH50rxmnMew": 94, "Er_1k4cl0VwKz9tfIn-FBw": 95, "kS1MQHYwIfD0462PE61IBw": 96, "TES0PPhg-9jaFj9v28M0cw": 97, "OXlfFHsM15JYh_lvat2w2w": 98, "wEE-YMx5pmSuagLtNxMPKA": 99, "OKX-V5j_qfuOebeHeWGrHg": 100, "BPZEAoU0sB6CFGusTErUuA": 101, "4P8qDuDy3C8s6Rkm5wEI4Q": 102, "SDytcPY5fiuuDbTkPE8GyA": 103, "d67zTET_2IuVoWcUU0aWaQ": 104, "hPYRCiQ_OP0rxkpRN19Xiw": 105, "0Igx-a1wAstiBDerGxXk2A": 106, "t71Zcv_OPf2FL27AYvx86w": 107, "Kj-u8Yq1d3mLKitWsDAxpg": 108, "7Z3QZnc9CFRH_bPRGN-Oiw": 109, "I4eTqRHq93iElqq4f5istw": 110, "p5eKzfGUZ7duXbDM0AM5bA": 111, "6WG2IGTVr-xKn0pYQZJGjw": 112, "sEEGucq7vg0_yT25miGmsA": 113, "UXcOSMHZM2RPWTgjQbKDJg": 114, "nhXyjGOCfi-EW09bJqfAzQ": 115, "qAQjfwspeg9WvCewHLrxOQ": 116, "d0xjrf1CL0ollZNK5xewWg": 117, "UlWDGR0QrBbdFsVY6ugocw": 118, "lMl3gDOuKT7hmlkwJ8it5A": 119, "EP8o8JnQSI0WEkeodwA8lA": 120, "mKBl4fAqTfNts7B78aOPVg": 121, "005GchcM1HWBH3SFKrIxBA": 122, "g3HFkZgloxLQCvoJ5Zs5gg": 123, "XAlgPQYihaK-r3ZsKNYVcg": 124, "WZ4vEAuJdBgHrnIZlBQLig": 125, "rt3MZtOmwB0hohjILz45DQ": 126, "qTMK2qr6ngof4fe29qyooA": 127, "g35P2UgyRK1ercs6rVkN1Q": 128, "oCgXFRb3v4vO2Q0OVmPBkA": 129, "jqTa-RtGU26q3TFTmMZOAw": 130, "m-n_AHwndmHAgZIsu52kYA": 131, "YttDgOC9AlM4HcAlDsbB2A": 132, "Yjer78RnYr7OCzirgdcOaw": 133, "Xlb-Hxrvkfyadnkmk5hrgw": 134, "p-3grx8aw9eowG36jkouWA": 135, "thNDNL_rr3VFo30IRDsBgA": 136, "xqvAeGXOtCKd5z3b7kUauA": 137, "aGI_wfhcJ86DJ-67Lkty8g": 138, "rTJ3EecGoQNbfFj7mqjDmw": 139, "Ig2ttf1xX2Ihlm0nsykaTw": 140, "84HvpQDxcHWmbMDfs8IEYw": 141, "gCPfqjzqyUxJAuz4StqV5Q": 142, "yuLqTuKUEgWB5GTKKmS56A": 143, "Lu8y2ayxVlAzuJEVfVcH4w": 144, "ya3mbvTaymecfrTc08SxhQ": 145, "G6uiBIcMc21mxtIsR6K_3w": 146, "E2RmKWGpVIk1u-cO-ajUGA": 147, "s16-BUo-orUsELvMu5ocKg": 148, "TUR21jv1-_GCwmeO3ouOBg": 149, "x7UU1bdc2INFrZFwp6yOPw": 150, "OrnQ04JCGie8Q2ymFF97FA": 151, "w0Eb3PnZFiyQdWqXYKnx3A": 152, "nnImk681KaRqUVHlSfZjGQ": 153, "kfiBpwAZFxAo_RcrBmQjbA": 154, "3PB1TY8e8NnnHBHTb96p7Q": 155, "AbMjnKOwg736fcIu8apuyQ": 156, "2HchhLgGj16aITZGVy0hqA": 157, "Eypq5gLLjCapBVVnMw_MyA": 158, "r_N0g_6ouOK2YXrHDeOWkg": 159, "Jt3GylPuH64uA3zTdbMdCg": 160, "JTqQ9C9S2Qc8_aHtO1965g": 161, "ALWSjow1qxW4SFFZ0ZNB6Q": 162, "DwIetk5y9m6AypCjPux6RQ": 163, "SGY0ydXxLbkbY-w9E2g8Tg": 164, "Qaye2ONLtDqIdFpuLqq77A": 165, "1O638BDK_fWuxgTVJwff-A": 166, "Oi1qbcz2m2SnwUeztGYcnQ": 167, "V4KUFOs8M23uj61VKVNKAw": 168, "41nlHIIkh19ENWF8X2_CRA": 169, "Gonq8DOHTm_1uoKuG_pvJg": 170, "8MKygqfspKqG2-X9ycR-Ow": 171, "AoG7mVduUL7qQtjjFbtCOw": 172, "JD7L3z31GmOuVsRRPyqdFQ": 173, "oXHd9HUOGd9Lk_3nUNDYVA": 174, "qhw0RjIGgStx7s4mjqkWFQ": 175, "toQe9adQWV7iC7KM_eugsA": 176, "ZgYe5NVwIK78LAU_if3KfA": 177, "H8evlZitNdbCar4jqG_lZw": 178, "oSeE_p_gYxI82APPWJhJjg": 179, "FzgeSPVonioMutmnyIMnyA": 180, "NvUeb5G_mSSxgKhEE_Hueg": 181, "ZhFKxwT2YKYyKMBndYxnYg": 182, "oAhoFRRKomodbIx8jtKmKA": 183, "cPcStFGBlk-6lWWsttIfVQ": 184, "u-u8vyXgSSQSA_K6rvrZjA": 185, "Fd8Heu1mZEra7bCX3Xb3-Q": 186, "U631LMGO5E3GxVJt535dHA": 187, "h3KpLypa9SZEw2ydFNC19Q": 188, "xJpvRrk04rb4rgWtMXaPUQ": 189, "TVN3qoXU0-sateboutdCZg": 190, "xsQyTGdGwM8k3Ns3miYgGQ": 191, "Amc7J0F3KeAKzOOQrlpqog": 192, "EDAg3FUbil6oIIY0HJctBA": 193, "X-8WUdJ1hYidYXQygzTEBw": 194, "mJCK1qpsCkKePozYIrIT-g": 195, "1pzP58PeWictHQzctMU0nQ": 196, "lpnI226_ekGGvkx2Kd-biQ": 197, "W7ze3kEq4Br2JIOPP8okNA": 198, "tmWwHfhaR0bNTKlr9dXsOQ": 199, "UvSOYVwqwyzNr40AU1t6Yw": 200, "4YUabV9xHtvtxw2BLfl1AQ": 201, "YAJswo-twIgeKX0mdW2r3A": 202, "5G2IF0VIN3Brl-m45QDXsA": 203, "90anotHbC638MaU1C15dTA": 204, "ei8X5pyCur3d0CGb5EbnFA": 205, "PLOYtrCMUFPHQe2IbYAd5g": 206, "LhnoqfSZobV3bch7of-Kaw": 207, "veU-4bglmxVg0PtkZRBETg": 208, "wqghLqYOmlJHa_EEV45z3g": 209, "nkBpODDjnP-nD9uz1Z4YsA": 210, "GevrFd8ojonAr4fEQB9WfA": 211, "Lrk7Q6eJcu1nyDdW0SMiKw": 212, "uAu772KpSkb-tPFgZmU-lA": 213, "gBpxjo01cpY_5stvzru46Q": 214, "fxeRdFmgY6tbTyidpcdFLw": 215, "8VNmuYmFboXleIFf-stnFg": 216, "6VnuHqma4FWdda9MIg6G0A": 217, "DejbySADs66NO3RMAuzBIw": 218, "76xS0Vin4uT25XKaxbsvmQ": 219, "n1pp7Kqj9p9HQACdbabkFQ": 220, "EzXDaJjdCwMtWdBJiRcC6Q": 221, "AF2wygvqImI9gbFijr13rw": 222, "Pk-dihlvXRaVfE65ghVOLA": 223, "dgGUKdOh2a01OwLw1qgfDw": 224, "2fAtJ92btz4xeo9JFHwXkQ": 225, "QASqmFDB1pIBF7xSp1PVeg": 226, "VEj1OuO6QrQMXFhuMZJ8cQ": 227, "TR7ezcRznfr1Jif7euZZJg": 228, "lgUKLRsqvhu4DbM9syzq_Q": 229, "iT1AA74QFn_a0Xq9-ggSGA": 230, "-x1516ZG5GllZiBjDQlRkA": 231, "cMPJlsuY5IQgJ8N9qICdDw": 232, "A_k88znN79hZFw-LmrK6GA": 233, "H2DNqyt2CR5a8Gv3Jisqhg": 234, "QiKDAxbOa8Q_wyDMAkBQYg": 235, "Y-4RCXXrQ8hS5bR5uTp48Q": 236, "nnwBdqGHIAJQ5QX9lHOtrQ": 237, "FWRwckNSS9Uc4FLfpDPlMA": 238, "GoXNUJb1TRKh7L1Tv74RLg": 239, "M79rv2KKQA4cYEoTIBXvoQ": 240, "en5qEaJqGeGTgGri3p8I1w": 241, "UykLrbp-Wo4fR5nTRqU_HQ": 242, "Hxx8FmhpxiugIrGRh8RDOg": 243, "sh3V6hnNMLVV9YwFA9QNaw": 244, "iPkdNziqnhNukjnmsrSzmg": 245, "0dIvVs3PY64bE3PZF-8V8A": 246, "X1nvKXUJ5Lp3W9Oe-_JrMQ": 247, "KDz7BjsuBjAxBw2gF3KFQA": 248, "nXMMoDzXRByQiWH9cf-FAQ": 249, "-rBPL3ntdbLnTw3uwZLfQw": 250, "kKPbWlBjpSL3Qzvtn_AaPw": 251, "KeuhteHe76DxDlXnkWoDwA": 252, "wzyGNvArcpUjZauRWFrKHA": 253, "YV6uaSzANkraOQQzN0alWg": 254, "88Ij88GMC7tcIegOicRdYA": 255, "_cUtxCvCccwgNJzD5I0cDA": 256, "Cey5M9DtlM4A_O1t-aAR0Q": 257, "B5RcWUztezeNkW-_ujqViQ": 258, "dioXbYFdMCyE7zCK90eM3Q": 259, "qA_8SkGk6ub8nTjoY1q6Cw": 260, "7ktyPHE-NGnWxarOqjIQiQ": 261, "n7ihPTbqqInh5R_naUkkDA": 262, "ZdODEy4O0-nPdPKwkdQkdw": 263, "_ntA5HPDzqBgwg7S3s7w7Q": 264, "h2LtQ1s5X20d0yrdqUMJ0Q": 265, "Asx28DdgUx6vYWSxl0oOAQ": 266, "y8aWXOimQ9ZgUgZ6q--nCQ": 267, "xT0oxEfJkAa2l5G3_BBY2g": 268, "gfQqQYI5_hCAGEHlHXIz2Q": 269, "sO5b8D6Mj5rQj7EFSz557g": 270, "DvP8pq7QzV11_0968ahxMQ": 271, "gFVLJRSTeHIQs97vIVGI-g": 272, "SGPscai169s5QLriYf0_jQ": 273, "6woTWCjHDMEjQclniEei-A": 274, "RMrWegRjr3gn_g7fOLxHRA": 275, "KVN1eio-4QU3zlkPmZHRFQ": 276, "5lXLfyND3naSNHEuiHsjmw": 277, "9sHfCA7_y5DkQM2I3ykHzw": 278, "ZOmHHLEYTXxxs3nWJhKoaA": 279, "wWa9X07Cq8EVaqJrA5QKyA": 280, "VDwOwhrNZE5Ard-91TH-wA": 281, "x-LrGPXN7WFX15Qk9B6_YQ": 282, "3mNz5nQFTIBQm0oU5mBR0w": 283, "aY7Tuiui3BbrLGgVpgziZA": 284, "Wq7cs2PhKsLBwoGgg1FnCA": 285, "NNgQ8fV5ARQgHw-Ob7l50A": 286, "OH6KVbvDnGs0zWhYj5A9Yg": 287, "8M4_nA8e9VacrirvCwrl8Q": 288, "A_OETe5Xr26FTNRPkRQ4zw": 289, "fpiirm8MU_hSJBjHpbtIUA": 290, "pWhaWrBMYyykptjvCO_60A": 291, "Up01JEJT09-gYC2QixklZQ": 292, "P_BFaQP0rlHpEq9-CZbyCQ": 293, "DZO2lmlHi41X19g9U44I1w": 294, "eSlOI3GhroEtcbaD_nFXJQ": 295, "mZL0EfP_cGs1KAGPxp1XLQ": 296, "t-nB38eHbeFuabXBdJMwvg": 297, "DJp-RvWsIyX9z-8SN2N7Ag": 298, "vr-Rw3nMKIgGrVNT6A7p9g": 299, "njJjEOLRTo03Fwp4jg_Jpg": 300, "vMdZdazzQxRU9fvntAwRzA": 301, "ZCtIJDJCJb7mq-jGrNXTsA": 302, "ApJ9YgYU-AhS4a-F5oTGHw": 303, "ZYZNcugF3xUEGyLOVGiZ0Q": 304, "KfxFfpYT_0RD7Fa7RVI8Wg": 305, "IwHLuykqqmGVNHJ_UCwXWg": 306, "H6Eug1lP8LxexxUg4y9tdQ": 307, "2LfozZiejXfQHcS52-Fv5w": 308, "Mf2NAhMTiYk0DC0fZjhNMw": 309, "WlgB9SAzYAyHEAlawc27xg": 310, "T46BA9GqSKY2BkkKbqamVg": 311, "8wQIoFapkegkC5fcVYg_Iw": 312, "avXvMybPionb-Kt_MX5Grg": 313, "qpFCY_wj8_G-HOV8MxIaHw": 314, "kgKl_TSwiCJ3iX-g2VP0MQ": 315, "nPXVprOV3ioobtAc_s7-CA": 316, "ZGjgfSvjQK886kiTzLwfLQ": 317, "plaAwbdAV_kua1K2ztZHVw": 318, "fLDGqfH_QJE5TN2ajHzNjA": 319, "1sMZdqmCa_X2Lf_x6XOCFw": 320, "bYENop4BuQepBjM1-BI3fA": 321, "xOr3cP1xO2qC4lx2E9jnBg": 322, "z9sL9d4kfAiQeGJ1dGmBng": 323, "dArzYnlZh0gBLjA6YkJeoQ": 324, "XQk-XZKwNim2fsc8_LHksA": 325, "DICLJDdq0HpvOVYR5mB4gA": 326, "8rpbjtTvhSlDNAkeXTiW6w": 327, "TLpnu9BZNLTuB1ngxjnIpA": 328, "1bjo-xG3tKF5rQjRx5zW4Q": 329, "exDOIbSQ2S5hSwewrs1MVw": 330, "hWDybu_KvYLSdEFzGrniTw": 331, "U4INQZOPSUaj8hMjLlZ3KA": 332, "A_BF2dDDUTKGVXrqxO9mag": 333, "1ypK74Sr0QmsJ8IZG8v0cQ": 334, "rSIuKMvWfvdKiJjO5YLC8w": 335, "v1pKH5c7C5pEyrlVjIbr-w": 336, "LV0tWvAuDUkjNhfrhj5JFQ": 337, "lmL1P6wJi0Z8Jg8DTPqawQ": 338, "QVoy32vmYsjcusOu5ITpDw": 339, "3mfsaxkuiLRdGNnoPAnKLQ": 340, "ZCVEZmTB_StK-UXA3WPVlQ": 341, "2iS1vg5TYpV_iEiNC8osTg": 342, "ItvyYPGXWNhhbYJqyADp7A": 343, "U9R5bmRb_RcgZHVOX7vvMw": 344, "8JaJl5ZRMT4o2q10DVIZGg": 345, "Dj77pkw_EZJvR-F4RIf_BQ": 346, "21QDiOO3x_Fv5b0LK4P0Dg": 347, "KFFIyUxC0TQjx__OYlmhnA": 348, "4mjnkd8oJVCfBKN3i4rB-g": 349, "60RKNAZwY5EUooJf624aKw": 350, "mWamaq-Awy6tf7U4bCtT1A": 351, "PFrkq7xTQYSL1LKElc58Gw": 352, "tLOiTDp9GttYK_lsKJ1z1g": 353, "5R3m-2idPFpYq0oRwCK0TQ": 354, "t2LoCqGXkr5mPtu2a336SA": 355, "u8EgqDkF24x26DCQA6KYQA": 356, "UXTsDU3DJLW380wgcExy-Q": 357, "Am_G2m0pwVrEg9AoUp5tow": 358, "hc3nM3DuYULcfXmZ2cG04g": 359, "yoa61s3IdHwi8q5_gLvzaw": 360, "fD6FZMW1V5l0oRD-fICb3w": 361, "Mh5HtmJeW7LglS7q8C8YYA": 362, "oOsjFifsg7-owhmL-GLssA": 363, "wnrHhjDpQk5uLUK7Iku75A": 364, "ZaWbwSvAH5eOsQVxZ4wmLg": 365, "I4BbW4a19h2IItNOoToDgA": 366, "YnKfyDwUtze7RYSrnI4jVw": 367, "GJv1yf_IhUZqpDjFr86DmA": 368, "0C65lVj_ujVYDs7b2yYBAA": 369, "H5d_nFqzwrREE-YduK2ABg": 370, "EbUebf5-0PxXZIgpO45TpA": 371, "4aC9eBCo3TAsP68H5CoywQ": 372, "cogPv5baWhsR-_Dcw3-Taw": 373, "37cpUoM8hlkSQfReIEBd-Q": 374, "DqUPwUqc83KWYe8BKXnP0A": 375, "NqBYt9pw7kNoytFQ9ATS-w": 376, "X5EAMkKCHTpmso9ILIFRUg": 377, "RRsbPGYyKJ3zqMMkzcHZaQ": 378, "eWu1xPt52B-yMZmIyBIUsw": 379, "5PtkFEymTrtxdZ9Wys5s8g": 380, "L27OShvycGmVOkAxD1h86A": 381, "I0ezkVvCcBnavJf2soWHjA": 382, "iEQHAu1sJIkjAgaB0eh1JQ": 383, "JuCgoHYJww70wX9M8ndKnQ": 384, "riWDgbauId8TK7YFVgMNJw": 385, "1DPqAfdderptd1l60drkQA": 386, "itI6CqeR92ikei1n86N5sg": 387, "r0YQhP1Z8xiPNebQ20Hu-g": 388, "2mehWDiaP-8CcZRtLGlYIA": 389, "V-3L8MrRqF7OeeqpHfboYA": 390, "M0AnYyp5EBMryhTNHR8oqQ": 391, "s7cUp9ma9h9FYN-fa0FtgA": 392, "ck_-Ms-O5kKYqcEVqufBLw": 393, "EbzIOck2feoZrGxRjyPDyw": 394, "3n-8y4LckDDJC7MDLjX0GA": 395, "B-s-8VUnuBjGTP3d01jsyw": 396, "LkXNQQaIc5yrKu9Ap87RrA": 397, "6aX5_fuL6p2P4sMyb8MyJw": 398, "AQxmbuDiToMv2WYtq4Mfdw": 399, "Hn8O2RQijYIVLFNF5VPWTA": 400, "5Y5KbsI5buMcNh2hTFaRpA": 401, "if-6FnW2g8Y47PWQCismFQ": 402, "S1bcv4QpwW7Ysy0T9edlOQ": 403, "_YBX0Fy9pI0ktOQ9RtFhAg": 404, "2dyfZNhtyuHdestczTgWjQ": 405, "Dzuc8jWCQit4MoBMOrEpYQ": 406, "Y0DSxhhChQwzoQsLeDuvRw": 407, "QpbAVtp18sPzM1-edtNLsQ": 408, "X60MhC89BL--J13kXdV0cg": 409, "jk0Yf80nGLQkVwsx6tRBsQ": 410, "uxOjXmWuuEuHmF6rXFZfSw": 411, "AED6tP0v4aMPd9-YtjPcPg": 412, "qu8CAL1egblZ38yPBkfD_A": 413, "amIUTkKQlA4464-lJlwlaQ": 414, "9EMgczqumS10LYSbsaiKdQ": 415, "NHlbGIzesGOui6_snht0Rw": 416, "D-p_7WVdlyGUE3XFsTt8YQ": 417, "eNN26o0h1l_dNf-Ya1lmlQ": 418, "Y_2jMUKz6pvJ0JSWG3u10A": 419, "SJvCPlJ5X6Jkbc0TggIiCg": 420, "82dCHyU-ANOgdhxUgZsUeg": 421, "kx1AyDQfkPHSkPstBQlDzg": 422, "vbEf26yXYP0WBsveEXWIlw": 423, "6L_tJ4XL1yv6_YY8horvXA": 424, "GFyA9ULGAeD-xZEPto2y7A": 425, "vcApLzyIESjaK_r8TTVebA": 426, "0E-IU4qDXps1MHQhNZx6vA": 427, "byZ9gMy-Qrr5WID_ezjqcQ": 428, "EpJ7t6PL6aEXvkvTiftjtw": 429, "VFRIv3-_Og34wZyy-LigQQ": 430, "4XTfwSiBXQMiXzWTbVcabA": 431, "B3wkelZcsk_QmIg17QSKMQ": 432, "RB1eNPEDYtrH_azM46IgUA": 433, "sRayUe6Y_YSXOK7pKfdlBg": 434, "AQGMTHae70n3MnONotAuYQ": 435, "I30Q5xP79wRuEWJyfiiarw": 436, "9C_h-H1Z7Xz7dvbgsBrnSg": 437, "QQtoHnP0cP7nzNnUob_1CQ": 438, "hVPyu7QWaSQgOlz0rppmkg": 439, "O3nhfuz6W4wlmIQgM_Oo2g": 440, "pSUp9rQHnNHzzYHMMd_mVQ": 441, "rUYDeEtzj_cag8LzofKByg": 442, "lIMA29eEeNsYWF5VaflG_g": 443, "RlXfOTtpgTfcisRmukrGbw": 444, "GKZkLZkbFK7UmhLyx-7Qqg": 445, "47oIw-CN1guUKx2_vUdsgw": 446, "s6QghJT6IHNxV5MX8a66tw": 447, "tWES6_T7MRybOtqNS9NcVw": 448, "1hQjdoDUQwHB3kFdffMA6Q": 449, "nlsxDX6nKcVDGWzVxdsWiQ": 450, "lWW_f3wlkab4dN0PcQxZew": 451, "SgxD74-CkftmYxm2-KNKgg": 452, "YE3NsQGCoCu4WHaKQ3Kddg": 453, "2BbbCoN0EPKbv18n_tMJeA": 454, "ZTvil7E2JbtORKm0bu6MKQ": 455, "z02XKjGqJMONH59_lUHlTQ": 456, "gZcxXnogU1O-gPTbqqtMYw": 457, "Wshkpj8aHWuzIeca1QxWTA": 458, "Qr4RnZdwqjrY9_abNPZo9A": 459, "j7MWMYnIEy1kvnScKLaeSw": 460, "ie9VaHvAaQgjMJP3Gn-AQQ": 461, "CYtKqfxO78q8MN6HX2JnDg": 462, "X4pH3pcK6L9Cs6hm_87T7A": 463, "lRvVaSIPosTTbOYFC3HPAg": 464, "TINJU5ib4OMlCL07JqYGhA": 465, "le3Xn9Mheb1hNxWurF7RSw": 466, "KDewJBJknfWvQyHHFNbfdg": 467, "shtMJsO82eegjgtjlCZmKg": 468, "HtewfIDJCsL3b4AY0Ukefg": 469, "w6RFOQf3tL2v6q93NYmSdQ": 470, "5bJpDx4c7x9fYzdltOhfbw": 471, "0MJ5sKX5uq7Ma5hbl4l3BQ": 472, "Ase_kJIYuT6yOsqqVPuWUA": 473, "2xWGCfc2GeTEaspPPPKSOA": 474, "46Wi08T5D3phf3SMgi7U3w": 475, "mzL0zHFGyd9866OUljq49g": 476, "dM62Q_7J0BetaDITIdt0Nw": 477, "AvGJVv7Z3a0q1MJT1Ykd0w": 478, "4GEs5ZA6debLrqpgFnIVTQ": 479, "mzXDuhZBPdHfMIk1YXP0mQ": 480, "pgQurApfbrV-rPKZKYo-Tw": 481, "2uzH6U_kGVOBIIJoZOOUPw": 482, "Nxr5C4m0edwetAeRUacP6A": 483, "5zZjPC6lpIGf0ILxDu7Ztg": 484, "d5n7YWztGkm36c2LBQ8Y_w": 485, "fs5bpfk-2pvq2v8S1De5pQ": 486, "WHGjqjqBFXkFyF8UjXwP8Q": 487, "8RcEwGrFIgkt9WQ35E6SnQ": 488, "1WEHUvZ2Qqlc46_qHsOOFA": 489, "DDJliZbj8VYfwikMQWbrBA": 490, "AHRrG3T1gJpHvtpZ-K0G_g": 491, "_p7aWe_YiAZW2m6RnmAMVA": 492, "ypOUnBbNlQKYT7Cw0uKXSw": 493, "5BcHiekf8vqEka35NcoW5g": 494, "DZ2pWjgo_3D0vrVFfFnBdA": 495, "QfRT_kE-eYlzbxCO81xctQ": 496, "UuIr2WKA0gZRyRvWIlAduQ": 497, "kA7sIBVKgWXVwWbpXsUHQg": 498, "BBdRlIK_eeFhdl4EL1pLAw": 499, "1wE7oHKgNOLPM0QWS3jm9w": 500, "h25vnXfrFPckqCGqFLe3oQ": 501, "cJCYCEfDL4n5TgU9y8RTWg": 502, "jBzITjfkC7M99oN6a5HErQ": 503, "DayTBAsYBAlLX1Pjqo9yvQ": 504, "F3lu1icxJX5A5tCw-jVpTg": 505, "AecE6t97JJRjuRVqFJbkew": 506, "JMtTO8a2ji_D4j3McSiJsA": 507, "-2nNiAnDaSbQayynsqgL6Q": 508, "lYQk0R6sPfo3WeX-l_5BuA": 509, "7He2tF83YGi8cgbPXByEUg": 510, "suRoi6fJjOSdzBMWzaZ5sQ": 511, "Mc4C7fVY0sEcD-U5eOA2Og": 512, "SoW_wiVR03AzjhjOyXT-ew": 513, "dbWn8HCsG3eI9AmS2G3O2g": 514, "zUKeZNu4tCG56xjwWH54Vw": 515, "_5ZU2jXJbffdKb7p1RvVfQ": 516, "KXVZqQdcVpa-ZaIdrDpQPQ": 517, "8-U6FgqWxNmXz80JhJQXZg": 518, "N5nA0Aq_6P1lA-5MzsYWzw": 519, "HW-QgyCq4DzUQCFRaYn6Fg": 520, "-THLGnsYKu3yQAsy_tt1fw": 521, "z9uf9-0uX5Jh8-4Y5l2PQg": 522, "22Y8hc4NYWPa2D6ffodddg": 523, "A3v4mtWlnaYZpHKKqzNhJg": 524, "NWUQCWiY0w97l2mcWq9GAQ": 525, "qjkOmSEFFEeWVTtsIl0aAw": 526, "7ajfMmBJGkFU1kTur3DkkA": 527, "2h2ROFo-VvEgFHzGcw1pfQ": 528, "pYx9GIblRMjgRLUHvwQvbw": 529, "E8WOEXGhU9OrF14QXtMGKA": 530, "ytqI9hBiB17L2nUCYbuI5Q": 531, "b-v0kiRnyLeQ05qTBcGQIQ": 532, "0Ear9GEUEvSceG6uDsmyfg": 533, "8MrHNUT0QBpD5vHxn1rD2w": 534, "cCeCQxErE9ToaQQBEVFuFA": 535, "dsX3MiQiTy3OVI8MKn0I4w": 536, "oOyowMWb7j4mBlHyhELeRw": 537, "24n-CeWJiJMTV1cYvNmezQ": 538, "2mguZPvbCa4lwT_ULfTmHQ": 539, "CAy7UDGySy5DzsgCxktpLg": 540, "CfX4sTIFFNaRchNswqhVfg": 541, "trf3Qcz8qvCDKXiTgjUcEg": 542, "TylOr9YYTV3znqIvH7kdmQ": 543, "USrM9POHutH9QIifiYAfzQ": 544, "4MJ7go3WJwIcak_17vWw9w": 545, "7ONBs-KW1TlLBfaabxdk_g": 546, "50lBjqPyg0qRDzWeDlc-aQ": 547, "4gAD7fnWZNYP3TIMJGyt5A": 548, "T9aisv9FFuEbO9hSgi-efw": 549, "Rkj1-DFdh_9mnSCnaRIYaw": 550, "NdSNQXoxiFeNZQ1M6uB9fA": 551, "MFVHPttPPtvd_7l7e1uKwQ": 552, "V2OQaeZvePoGkbZ-Uye6KA": 553, "CozGguiwx7JEVk7cAwdvpA": 554, "P9hbcVoZIPKF4gV8KH427A": 555, "vLxpEHKZFzv8LYY5eeGjTg": 556, "F8aIrswXr4zFwtPH36w1sA": 557, "fYB4nPD2Y0uXXpVo20ZrNg": 558, "YXKgoeQCtA_a9M9F_XxWKw": 559, "7jCURQuKWnO3R-_dONQGCg": 560, "IKbjLnfBQtEyVzEu8CuOLg": 561, "BnBQ0UU9uSiI_0cbCZ4lsw": 562, "uNGpUVl1T5NaJBf5P4Il4w": 563, "WuGrrM__qrTHal6fkr9rZg": 564, "RRYFQo17zogtYBbiUK4l_A": 565, "JxA595MQSkNqzSfMXYWatw": 566, "JOrDiXIgpb0sjtd7Cr3CdA": 567, "a8lVx7eUfdU9z55ypcCwbQ": 568, "awZlJV8_XElNqbbmleKYrw": 569, "IkLdv0dFGfRJrtFVJYJnLg": 570, "5O3VvfDu_HDvgUviAqmTEA": 571, "Zn8tgekH0oCfyk4SUtygoA": 572, "Mf5RnAVj9zKpYTXDFxsYVw": 573, "8WzFNiQZbUJjvHoT2Jp5rg": 574, "skbZO4vHHHA-ejA_BUwKjg": 575, "kQX4IZc95PkbkMcS9UbYOQ": 576, "_i3uTqtUfyVZDryKzUGGiw": 577, "EouCKoDfzaVG0klEgdDvCQ": 578, "Qjd7aIiKqnd68IfaR2EPoA": 579, "bBd8sOgkhbaEeZHjczV8ZQ": 580, "u9qhYrSC-AVPXgvrLHeQZw": 581, "5kL_t1bDR4HLDq_xNo5KZw": 582, "4bdffuUiz7XRYcqbDO11fQ": 583, "6nrYMDnfPl1lESOfCZjyxA": 584, "dc_1rBcKAjub2Nsh2HBvhA": 585, "t9Qrz3zLtOnlmEeKfDCtFA": 586, "04hS_dGfUZd_5iJYRdPHLw": 587, "HigkMf3t7YE_X0D49Vd7jQ": 588, "iHB75LCfFkIC1Oj86CqT1A": 589, "bVthsfeUU3Bd5AeJLqKT-w": 590, "_p5ydZPNMkyTJoPtE0QUJw": 591, "CtgTtg3JXpkma0XP6xqkvg": 592, "L9ZJpCQgXzfNXiJI9ahyZw": 593, "R-s0RjtnCRaeVW_dZ5DYbw": 594, "70y7ExiEHrawld5lruwUVw": 595, "jCLjVfSMbvLkSH2ZMkryZQ": 596, "eENfwrVhvOj5t7Gt1IKKAg": 597, "b-IYfRI0xpQ3f3x7k0MjKw": 598, "WFXqCsd97UsXcE8K_uQ4_Q": 599, "moNhelvHfXSh2BtlpGiDvw": 600, "GdmJInilh9WAqAISitNGRw": 601, "t5yVLMzXlERu3aV-xGLtVw": 602, "rIRakv8Mt0IWWalq0Vw1Lw": 603, "82UbpDEPMGJ9Sod8a1U-cg": 604, "07aVWNhBhpwqW3MdqoKDKQ": 605, "X_DkwPTzdO_VWzUcbUXREg": 606, "tNx5cK6Ch83GyVwXItzEUA": 607, "NMLvjdY7IOdtfU0TepvUuA": 608, "ikWD8meznb14w9yNie3bwQ": 609, "Tzql1xnrk8BLS3-h7-eYTQ": 610, "4YwesZEX8VPPJOKLfPD7lg": 611, "yb5coZxxqLeq3Aweu3ORdA": 612, "TsurX2CrXCVebYR7cG5_lQ": 613, "mVA4IeYyVKPUWRrN5oplMA": 614, "T4Pq2T8WGExBbFGX6XPpYQ": 615, "8Oj4m1xxNoI1P_1mek9fQQ": 616, "oCnLbe9OGnpyQBY4E90bVQ": 617, "LruOyCDYa-hfSwJkOt46VA": 618, "eAzEj3Qq6yvkbeTl4pGxcw": 619, "vpHo2fv9PrCh0cQueJg9Yg": 620, "q8pAYhK0Mpar_Vb_1R_tkg": 621, "POAKZScwldLTMCtvezW5mA": 622, "7fDqaGdUMccXQ4bnPwR6yg": 623, "jrLCaGDNHLwQVNCv-blHkQ": 624, "UEIOT1JdvCDIXLN8dQIiGg": 625, "i84YDhPbxtq9F8ipmtR5vg": 626, "Sf3LGHUsHr5ZocB5b2TdNA": 627, "shVyD312LNnLUvQEPdzo7g": 628, "YLRpMbcQ-YvTYl7pEVcrwQ": 629, "ydvEeTKXtZN0pIVxZHpJbA": 630, "zqh0Gm8TLOQmU1ayg-DPDg": 631, "x3NsAlkSGb2hvd8XcvzFQw": 632, "ncAOj5Xz-XS6bpSnTWp3tQ": 633, "YrlNGnrofZHseVYxrLrvJA": 634, "F2f0B7a6a8RXMXDeYVsy9A": 635, "xkT49MB-0ssh8laBVH05AQ": 636, "GzYlk0qWZ8P2gjl5WSk_kw": 637, "AaJ9d4OrFmgc4S_U2QiSZg": 638, "rZg5xWm--gdr6LiHoqe_AA": 639, "lq_uUOD5Z27mbRUEs-OkLg": 640, "clk385ygJaFUtRIT2M7yTw": 641, "XvbpXVYMvuhIXllJLS6uHQ": 642, "L8LoKsZ9zncFoqqf5RiYgA": 643, "c-imK4hUi4UrQXleR8mtPw": 644, "0_NbnQy2AwOUDtDUr4uDTg": 645, "nlQGyti20c07rpTSYYoNZQ": 646, "dTCEopG6rrF9n3kieG_L2A": 647, "xU4GbT4VKMpyOxNJAuP3hQ": 648, "sFqImuZBqT43URa3kMcC4w": 649, "mZrbrAAtQ0Xmt_MMUEs6Kg": 650, "JQ8ewz3lu4ZtUBz46urbrw": 651, "D8CF2H3DYtNJlzR0IITMHQ": 652, "xc1opNkFCnAjsPXs7jqtfg": 653, "j_orXueAYJBft-VUNbs1IA": 654, "SbpGncVoxFIi_J2xOelJYQ": 655, "1i4YvXLh5c-z7ayYlAUOJw": 656, "ut0OnRS5-Peu2dUd96Fh1g": 657, "h3KYuVHhr59Q-UFloqhLHg": 658, "4xpo1s-gb9SeJg4ppSzobA": 659, "gcgeV3iJ-Wjebh3ywapfeg": 660, "3QnoTcrxuafMCoTzW_AH7A": 661, "ZPzBbBPIG2MJuRd72XQHXw": 662, "LbtFyFzsdt-d2XDlIGVsaQ": 663, "D1LQuLMm1Oipl-jvTeTKHQ": 664, "PKtQA1Ui28M3W6Jr32tJ_w": 665, "g1etLmsmplrSVy_vKX90-w": 666, "uIKD7cJF4ZWkicin2ulWPg": 667, "oq6T6FcKl0TA9LV_970_8Q": 668, "vHc-UrI9yfL_pnnc6nJtyQ": 669, "qIossUhtsJ55_ciRTEqiPQ": 670, "chuM6TBkFHtTwJ6z96Hj1A": 671, "zM91npLXxixd-KS9Dx3Khw": 672, "ptszYqvULb9AT04VfKaXfg": 673, "qWYEuBZP7av55tewg3PXKg": 674, "YEJLX5Al2N03i8lix-iXXQ": 675, "OKBQfLKHgFJ81DnJPEvoUQ": 676, "qOAYy-WGn54j7LyiqKU-OQ": 677, "ihTu74HkXnKGuY5v_Z8b0g": 678, "K17847uudqPFPIjSPgxs2A": 679, "VYuuNzTWju8D0rr8SvaZjA": 680, "ML2Q8uY40Wl0GbGwaKJGUg": 681, "EMJV9rib660I4RpMsbzWbg": 682, "xlbW7Fm0e7_e9KfJ6TG44g": 683, "oYn4yU4hI8w9vMQkR9bx1w": 684, "5cnCZLJWkOpuWdT2SbnhKg": 685, "zDmZ3--DU1s-uvbBdgJ-hQ": 686, "SlQNwOKszHMRjG-0vjawAw": 687, "qjfMBIZpQT9DDtw_BWCopQ": 688, "ppsm8EDKjA1fp1yTCP3RrQ": 689, "s9fb6K62gxO9ZYWn821Sbw": 690, "lRRuTimITgwzoXLIM3g9qw": 691, "ZERpGXwdvHjWApWRcVofSQ": 692, "4paWpLov6LjpsNNgE1fhSg": 693, "cD-Tv6w78Dis4COuxm0AEQ": 694, "nr35WjC-YI0dFcsnW33Szw": 695, "1Xz0MVR_fH-aBMDRrNSYjA": 696, "-lbNYxWHPkLJYf891XueRQ": 697, "AshBB8EMCttPOObB3ez6SQ": 698, "QRUCiW1LwtHiRDjorK3UHA": 699, "NAaivzPy-1wVLWp9h5BAYg": 700, "LZkEU9n-0XDagWrPkPzIwA": 701, "6lmqSrwSrhTcjNwTEiQZPg": 702, "zAMpV0uFt9XpqRDFNLWPrQ": 703, "Irp8rJJybLwpvAoLkOcFEQ": 704, "rL5uMarIYnEMgDr09pafqg": 705, "-NycZLw5rPxqwrkKKI-83w": 706, "SaFs8ThfmEgdQm16iXoNqQ": 707, "wAgg_B9OQzL8_UF8ozu1eQ": 708, "1sH89m2CFbR703kjJ2vA9w": 709, "oyXIV-9GRBBZrFydPCaR2w": 710, "GJUP_9KUzyLs47QUWDxFhA": 711, "_wRTBeEpjXvH6oSl2dMhLA": 712, "0Q1FC3rbRJeHIsYsqxuuww": 713, "oZllAvWwMMSAzsqzcn6pRQ": 714, "3lUkFxUQKeMUYH7-z_kmjg": 715, "806piRS5Ueod_7oNHQDW-Q": 716, "HQG3no8C5U31z-k1MaYCqQ": 717, "8IsUKXmHKn8exCpsWmnqZA": 718, "6TAa3ViO9EcAznbWza0aPw": 719, "a5XvEtYqTIHpRarDlJ1v8w": 720, "aZzIV3C1M8cyUDg9wKeyFA": 721, "WT36RE4WkUIaEbLDjkPB3g": 722, "eZZUxt0aNMTg0di_hLBzbA": 723, "ivseRuEpyDUHnB66D8O3mA": 724, "sz_FjAVL-Gzjz9xVi-2r7A": 725, "T0nZCv1bHAVMJDjxZeHZPQ": 726, "-ZHlPAvlVdgtiu6DiCq7Yg": 727, "q0nf0MjkYNlW_nrnOpz1BQ": 728, "KnPrhgAtSuUEA4PYSLFDVg": 729, "H2wXdyUkTEpWk9xRg94jqQ": 730, "saQQmDQQJ14BVkm_sg53UA": 731, "VA2V65RAdCCbnbusPmBoxQ": 732, "D2wWsR58zfPJP1kk3zK0Yg": 733, "Hm0diOkWwpo9zotlJlqMUQ": 734, "LdM39D6F_PoioDnCdGmUjg": 735, "ILicYV0XNcbfiWEgWlIZ8g": 736, "AmM4Lfk15XfqRGCINWgkOQ": 737, "M5fiiFQBPshOH3vZ6WhBSg": 738, "FUUEU3ZN5cL1nNNR2AYZuw": 739, "FVw62YhyWf0B8HPDZH0f5g": 740, "ScuWOAFGiCSDkZPI4x5mAQ": 741, "K-rMtNcAz0wOWQ81W88NsQ": 742, "8gc8dZzfHuH1Q2tf8cz3EQ": 743, "DP_GwJSk1B3TUAufH4U_Ww": 744, "42D8UPKrq8oDOPwGysuEMw": 745, "rYja_qThTdPUt44UZ04Csw": 746, "iY262MNxieewhtFInDY4Rg": 747, "KhhlZrnwPbJsgLN5tNrIFQ": 748, "-y4O_E79Z6QwEI1p4OU_0w": 749, "2tOuj29YKvQ2kRDxnujrGA": 750, "FOjWOTVEQyjChNghH-JoFQ": 751, "L1ayZt4pBRKhO00OhUaLAw": 752, "ro-VDs2ONzhB2hKInYcPWw": 753, "4ENBFSuIT-8vfRHZysQHag": 754, "1EJYgQ-ja_UbTWR_FDj4_A": 755, "dXnlJ6ELbqIAfB79g3t3ag": 756, "hZ-ZtZ3bqZg6GhWepqj20g": 757, "0gjhJz1pS47DfOmvL_9Ixw": 758, "vd5yrhh8OIw--bhcP9Jyyw": 759, "JWeXuv2B9lRhiXBcIzsi2Q": 760, "bgJLZAEaB04x9UQIm3sATQ": 761, "Ye-9S8f2dt41UBfy4lXffA": 762, "jRvHWGn-f3dHRUeiFfIytA": 763, "CQ1J7Z2Irj6c19bwi9GhPg": 764, "gVO3VZwCu54Otc7bUB33Mg": 765, "0x34FkBqEH5fryr6hfc5Vw": 766, "FI_UbbF0sZ1Bkxnp80vF_g": 767, "v_phwmv6fky4cq9dF1WyhA": 768, "6C4XX-vG7Pq2tFnhpqzl6Q": 769, "__QLyY_W06q10ZfBQg7Dcg": 770, "HKZo5Fa0lNSjX9BbdOpjJQ": 771, "ZkUnwVjyjQamIGvLBRKbug": 772, "kyI_3H0gY_HQ9Qv6ouzt8A": 773, "sEs6LfvgiZS_jfTAo6CzHA": 774, "_ubawFAszv3RFvFRUOGIyw": 775, "61FNJUiDqXReViksOYiILQ": 776, "V9n2Qyr-dvNg00BwMWqquQ": 777, "1FLR36RTq0O4dGFkkRgsxQ": 778, "0_1ASp-C2cIdSM3EjkJDWA": 779, "yIsQ4qFCyY-clmlRwQlw_w": 780, "tu1XdABnHGNVNguWxdZ_HA": 781, "o0emAbW2Z9MnyGxBUzH2ZA": 782, "mBTMzDgBNGxRiQbCFwZBPw": 783, "akUC5qP68u0_frTwHLl61w": 784, "IlbqI2QmRgT-QnjAnv7Y_g": 785, "gs0dNGac_01UWK_bXrYilA": 786, "a-8ZuiQk4EsWgebrG-K2HQ": 787, "bH3yc4ZI4CGd_wPpZKML5A": 788, "47zMh_WgunwRDf7Cx2WyYw": 789, "QBIRZxIPTs17Z2SyVfp9_g": 790, "HMU8BY7gYspKAFwPNjEiAA": 791, "DTnJak1IlFKZtYHh8dZFIQ": 792, "jGLIj4NoI-wE-esm3KjTPQ": 793, "D2Oj0HPSY4MjK2_VTYgnRw": 794, "s-xVBnGjW1U4iqbTJRSu7Q": 795, "PV0U0arT_AUfjVBtrKfPSA": 796, "dtWfaGwnkyc1O01qumYvkg": 797, "TZwKmfmbzevOtOoZhlZVxA": 798, "Wmux4GgQkNBGz4mb0BBT3w": 799, "phoMcYUbBJeAKUD0GE76GA": 800, "onQsolCnpHwtOZCIuI91vQ": 801, "cbBxBySpq87KPiLG25N76Q": 802, "4U6Bns5iuERf5aC3rihAuQ": 803, "CjJhEzdWQNEKa7grwPRQyg": 804, "Z-ee4V5_ZFsI2ltccSpqyw": 805, "MBuUnl4HXEUmXHV-UEwfZw": 806, "HxyLRaoH9PS09M6R3rV-EQ": 807, "w4BiBncdzxNed_PLV-b1VQ": 808, "aUtAqNVDJSjnlY-zV_uM-w": 809, "5uxCdmMjtxVTxJpZwTB8kg": 810, "xx-6o9MW5B92VaWmRJwEMA": 811, "rpUOaLv_7QkDeFQSZMZhOg": 812, "G0Mu95b3NXx3EO7gw6B1Zw": 813, "w7RP1MZad3YO7Vjgp3s3Dg": 814, "lMY8NBPyzlPbbu-KBYfD9A": 815, "z0UcOv-TCmwuv_oiZkIMBw": 816, "ojyWQJtQ_ESVDvqL-69tLA": 817, "_6dT2G5uFqDitQ2BNHAmGg": 818, "X4k8ugJaihHVLHq32rNTwQ": 819, "15vSQuoe6LiN27zfZtmkEg": 820, "-zG47SEyhX_R0xHtOVqnnA": 821, "Cf8Jw9yX8RrG-l4PQoMkuw": 822, "VVUt9-XA_oY2nVNDMRCNRw": 823, "EMMKdK1cGrLSo08wgSYHJQ": 824, "Y8uEQnccKOpgdYOE3ls1ug": 825, "xjLTK4saQ2Qe_6f9IxhVWg": 826, "B3s7gBz3NMFOaNvrzWzLIA": 827, "9lcq01JUhRY2yW8AxU3TIA": 828, "ChRg10NMh5QcPK6mLGLeoQ": 829, "_McYipUHpuxJcNa4RfLEBQ": 830, "Nr4vKfdhXCWHR-_aONNspw": 831, "5RLRdjvwUd6qQFHYxG8EBg": 832, "3RuPbLjp9EDWlb1eTiNYsw": 833, "PKHjotBgOEaQ3d5VSGR71Q": 834, "TESUeCPNTpoovu7sJypdzw": 835, "zQTEbn5nWGPypxOf2uRPmg": 836, "cRij9215tfbhiLdHmcdUWg": 837, "Zp1o52IRl92dunmsfiT96g": 838, "JEIiE2fyLeZwnmCxLB1IGw": 839, "Um5bfs5DH6eizgjH3xZsvg": 840, "u1gUbwyeBe8mtV97hZyImg": 841, "zJmk6o7QtpghNzNmCdDfDg": 842, "_ljIoh025OGAvWz_Kvq6EQ": 843, "t5mwQs2wfteOweVP3DKI5A": 844, "I7dAMFEIk0ecgfalWiJLqQ": 845, "Pq9HkRaVjx7L095fWHzpRw": 846, "NyALA5Kw0dmISloaUa34dg": 847, "BJNxQGG3dx5uLxINGA5kDg": 848, "vffKQc_WQMYFGY4JS5VAOw": 849, "B9iPTih0dmpZn6fRyZnLLg": 850, "DxLeV9DjaiKwcbvYFvHv-A": 851, "-aAgfEUH4UoFDRXZCfJSUA": 852, "FXW16a1QddonpF-h3NtxPg": 853, "WDpvs6U_TCx4799oxXcnag": 854, "GdGGZo98_xRwbrZiYRP1ew": 855, "ovUBZdJI16y-qasoqnGt5Q": 856, "tpeSrIFB-Ce0CjtTsRE0OA": 857, "CTbH0UcfuNKi4m4lUXi3dQ": 858, "Cinc6eGXZCog4sfG7maWDg": 859, "5RHa6ARjqHnjkk2puc5y_w": 860, "oLvIjpLBSaJPuvgZ3BGDEg": 861, "7lTCFIslGM0MXlMvd2Mu9w": 862, "qsIZu2IbPIwETNgh6Ed6tw": 863, "RYeY30XyjFQ7B4sITi8iag": 864, "TBkbapvgjcj-xApg5nYq8g": 865, "Yit0pmHaEtaR_gkclOUUzw": 866, "cO0sWpjjSyIqngT2U4oZ9Q": 867, "XD_SGGnLRR-NmdI_jjobZg": 868, "GCPn33BHyWV1L2GCku7RdA": 869, "yR6Y6PIGwzBy2qFoL6O3BA": 870, "erwKZe1mY-hQpcuC0LxLsg": 871, "hREk8cuw6WaRaUUEU5I28w": 872, "adi9O9g6X9ksr0wxFG9Yrw": 873, "nL8yPsmVD1-sy7eMHm1VTQ": 874, "Hi10sGSZNxQH3NLyWSZ1oA": 875, "9kbV0gn3Ea2eAMV-Z_eX8Q": 876, "4WkX5Sjp9LIrCW9leJvo4g": 877, "rTKK_-3W3gIQEohj0QSFWA": 878, "KFV9jDa1Lb36nZ5MGcrVcQ": 879, "vDACtEdgJP3mS-U0_NA0Pw": 880, "nkVxroqpkPTrKtvP15L50g": 881, "QsWorg0ZtZPwRJRMwx1TCg": 882, "cPT-E02ZVvzevldYI-vrAg": 883, "xbybLiQockAzC4xAlzFrGg": 884, "FMGO5L64t-jkE1P4YWIPkg": 885, "qESx3c9NOITAcXqTQjbOCQ": 886, "u-OeRiwGfvZFNmDyIep5BQ": 887, "rrTl2iqNSY9cB27MMvLI9Q": 888, "bQCHF5rn5lMI9c5kEwCaNA": 889, "yPa_4u6hcWEHkziHAeRapw": 890, "XsnL3gdNiPRnj9svFvz-EA": 891, "aP3GeJVUUqhHTPGLj_9lmg": 892, "CDxlgCoUoNRV3VMkYZrUuQ": 893, "Bok4NoUX0nRQP-OePPivdA": 894, "PwNTJJhmw-nHz0TCb011qA": 895, "JkbW6kBYQja3z1EgL7yUgg": 896, "YrFErI5QOhAAjqVEGge0uA": 897, "1JtpcHELRrSDoWS80WtzuQ": 898, "_hPjqzQDiyw1-4U_IAETpg": 899, "DuC2TFDgADG_V47FeOP8mQ": 900, "T6TInNEhz-qm5tT_ZjQEoA": 901, "cZohBzgCY3B4Fbd25GHHLQ": 902, "jGUdsAMkurKYZCh6l84n7w": 903, "ub9gpClegbi7u0QEa7499g": 904, "6goQm14lgTleJyAv0-pd_w": 905, "en9InA1FGqAbbM2-KpqgBA": 906, "the52iBr5PCJahoGPITZBw": 907, "oSjxHFZjcuY_PX07a9Fm2w": 908, "b39y_inQloddW6I49gV5AA": 909, "JTbWKeaQLH0w2TWCiRjq4g": 910, "uV2zqKVUFrDVqTLz7n79lg": 911, "G1h1gHD9q31P4b-sIBoz6w": 912, "Gu6v8UP_FKORLlKyvc5JIg": 913, "WJVedIAJN0FRxDn6M1tLkA": 914, "pe-ltR4of_hrIjaHXlKveg": 915, "L4KX7XLukcdUA1rdpm9-Sg": 916, "YXMKQYm0O1P1qyl9kDznJg": 917, "o2iirO07Fml8NpmwD0NIDg": 918, "vqvz7NZFudMM9Vzoq6hILQ": 919, "8TQMgPRethUW2CwOCAumrg": 920, "jk5dcB_MfWglVdc4ILfWkA": 921, "LHWtjTG7e1NzNPYUbUo-9w": 922, "dme9K6sQrgpojAay5r8IAA": 923, "DnvC-m22fZqZv3pAo16ZSg": 924, "QhzzVcCXetK2hCctHsMzmg": 925, "XcKWWRBKhSwA6eGZb547PQ": 926, "Ll5l4WTKPH7zWQWA68Rhdw": 927, "r8KcPxZ-x-SjDMl7V_IWlQ": 928, "5OFVq6LA4g33FbzQtutl_w": 929, "M5HoGdy-mNOV7EHhxB9P9A": 930, "_Wkf2RNDnBuqMOpzSqmZXw": 931, "XPWiUNYQVOAlc255F5zVQw": 932, "vALpp2IgoeeyiRoH1qRMuQ": 933, "zTwwciNRMedBvUS3-_8h6g": 934, "Dn9WngLhC-utqIS07IlP2A": 935, "vXYcOtA-rogHpBFZEPKbYg": 936, "TE199OBEeJ4gmtRo-2kOfw": 937, "0FyfxrAMHm7AlrAkAXZQ9Q": 938, "Tv0nXlxIm601ukBs_h__Cw": 939, "tw7FIwLw8-GqiuqxJ7A2pg": 940, "b3v8udANMGfHhsJ4nxF3Tg": 941, "xdQzGzNu3nIUEvOGPW1tYw": 942, "Kr6FsyojizNc-tz9X--kyQ": 943, "hPuQIudnLHBJaJL7swpB8A": 944, "F6f9MmlBbFvkcH3OtAlpXw": 945, "D5VHN977GB-Wk1esSU9VaA": 946, "f0fqCwb_QAJUPm-K95Mk2g": 947, "UkBfCa8T6hdo5O_pbqPXTA": 948, "4aCF363Weu2RNAtl3mJ2eg": 949, "M9f1_TmxxKyaGfLN3kAvbA": 950, "VRkv17cgz3qDw_6XbqwyIg": 951, "S4xA7um43nZOkJGKzkP_9Q": 952, "1HM81n6n4iPIFU5d2Lokhw": 953, "WuiEYopWZOWOuWQD87fVSw": 954, "xSe759brFUJ5w1VIxZXWzQ": 955, "a4MrK-KrumPaY5Vl0aC1rw": 956, "ryisT19-tzvMyVVi0iLvwA": 957, "VO06uBE3U5cZYmprHI2gTg": 958, "030xaqW2akhXYFdmOTmEng": 959, "ASLIke5kbn7Z95wT_otaUQ": 960, "B5UTVi-owSZT69twkHwYXQ": 961, "dre2fl7tTF88A5AMP1FxAw": 962, "TGHTbps2HpbVdi_2TfyZfg": 963, "7uZ3cuA0wf4JKz3j4tk1yg": 964, "bstGjztjo6ZOVX-rd01R7g": 965, "sLgekUp1uedWpnDsztvkVw": 966, "RwPKUrc0ae54hV1DWU1MsQ": 967, "eEi1L3HukfplQJE9h7oXYA": 968, "XhrlkiNB867EmtYuDTcq7Q": 969, "n3Gg5mIokBirc8s_unINnQ": 970, "IL0XURF7WCEo37HyJqtYGg": 971, "VL12EhEdT4OWqGq0nIqkzw": 972, "ubTQ2pYBFFfFUxSP4QQvqg": 973, "--u09WAjW741FdfkJXxNmg": 974, "PxBrbub46mGoNNN5ejVR_A": 975, "1dSplx6S_vwy-ChbrXWmhw": 976, "jk5oDKpRerjJ_U5Z8sAz5w": 977, "dqxFPbClnYuKkFsp2OgGDA": 978, "3FQu1N5o6ebrWvJ3VBdnnA": 979, "F_5E0rOSH63pLqE6Y2qeCw": 980, "Q8V8JWWQNrpvD2bXC3cPpQ": 981, "9fV_u9Bhqr20G6TjJdyUsQ": 982, "46usODzkmddlBw-likcaDw": 983, "FO_e65Z1Aslsgx0DmTCUVQ": 984, "GFegKuN8Zq-RSMlQooLqiA": 985, "CCVZmgt88ma5zsiHNWlMEQ": 986, "3x_OqLY1XM75wHAohiyxSQ": 987, "pRwSr0-jI-OkflYkRdKfBQ": 988, "G-1uSi0c5ZdvZBZJBZVCiA": 989, "l7zmF8szWBC-A07oIDRdKw": 990, "Wk_xohYcysEWnkhOp3sBSA": 991, "JI6T6niNLWzks55uON1QDg": 992, "ntFP0Em4s28hKfokauuHzg": 993, "5GLB61xLOP6T-pNsr7rslg": 994, "Va1VeFo3so8d444ohkSGjg": 995, "4F59l8scDgg6BQx0HGRtcQ": 996, "2T8cxl3Y_JhCE8o80BSp0A": 997, "C2n878JARw3oFV-_bIxGQQ": 998, "2bxIEpaa89Jss_TPOXttTQ": 999, "pnTiEaqM4slogpY97n9Kvg": 1000, "N7NnC6-q0O-Gq2n_7YJkNg": 1001, "WlGHvDqe-P5HrDm1IofOTw": 1002, "JcvWZBiVKuobrZxt40Fo5g": 1003, "T-fEzc9c5S_1G1eeZBtXcw": 1004, "ecHwvfy3wOAih_RQHUQiEA": 1005, "pUNvLJwdJIOemOgU98mp1w": 1006, "B1OVDsstzC_RaESmtd1oWQ": 1007, "Le9KD2nTc1VR8vGykR6qLg": 1008, "hKXHZdm2HbHWOBECeccEqw": 1009, "ai7Oz07QWyvmyKH2iY7_Yg": 1010, "zUk_Ww2q1At1QSyRbUjIGQ": 1011, "N_mlUKdFuFN6Z6LiDWfTdw": 1012, "J1gc2iMG-xAF9GCxZvcdKA": 1013, "-KduD3wwydWDq2GrODh2tw": 1014, "Tq81Pwvjv0Oizm34e01m0g": 1015, "a5BcGDFDXh6KxfG1A4pilw": 1016, "v98WXw1EToiuPIxtE0aekQ": 1017, "S_llEH0Hdbipg1xUAmr7kw": 1018, "AOHXg-d8hNvhRbPQAEBCjw": 1019, "0dAclgpNIO90XCNwplkhmw": 1020, "tUyfzOVZ8L1myTmQFYfxFA": 1021, "VWJ8PSz6Sg5_AlBvQyGvpw": 1022, "CmtPnZTWAXf90gHItv_wzw": 1023, "6i7XsIdjmExkLJJ8RggRyg": 1024, "OitrGq9nJqd0PeqSf3AcLw": 1025, "UN6MXJuhyGcX7LTj4-b7FA": 1026, "PYTq8KWW0U-i1qKStVIC3g": 1027, "o_omT0sRdwh0xJoMY4CiLw": 1028, "jpx_StWgnkrTwC_eIVAaPQ": 1029, "A-h1VpD4NhSQo9hlk5FzRg": 1030, "v_bE00eJcYoTM9ucqQmDYw": 1031, "cU-Z8K3TNM019C-62GtwIw": 1032, "PGx_pmKGlmzK4Y_15IWAUw": 1033, "N1sp9wXLotuufQuRANhPGw": 1034, "OExmdhEdcKHQQqXrv6ftTg": 1035, "6Jrx4sEzyYLz4XWAMVokgw": 1036, "rTOLj63bMRn9ragmfMzOeA": 1037, "qiYB7TorQIlYLSNQCORK6A": 1038, "uEQ3nCdOBNOeJ0ow4Ds1vA": 1039, "N11AGsSHMp9ZhOARSq8LNQ": 1040, "_cz6vNxD_c_xiYptiOHIFg": 1041, "biXvLE9j8tzt1iZ1adBPOQ": 1042, "tQ6HM9ldSsYbuPugPUr-gw": 1043, "u8FV5F9Bvw48uFsuatqLRw": 1044, "tYe3wHZB77lCG4ThTJ3gRQ": 1045, "RrSJacJC8pzT1gD0nxAQQA": 1046, "uweSiVXeDAibh-I7xOZwEg": 1047, "iDx1NCLBORSjnyXAwq3B2A": 1048, "Y4Ofs-uvMBZseDFxs3PwAw": 1049, "0T7D52kX1PSqUtYMudBT3Q": 1050, "bfpdkDQfWjWoJRAsbtfATQ": 1051, "BXw9CYYYayVwgvYIG8eQFA": 1052, "Y-HpR79F_ZqRtGMjZnhwVg": 1053, "3YJ2PeLugInGmmOWVzlUlA": 1054, "TK_bfkEq72MWMuOxd7eCtA": 1055, "JiPMk9WmbJu-VfTRAKpZpw": 1056, "E2CuwvUZdhvrAvvNdmmN8A": 1057, "am7-gkH_PDz598oTdYSD6A": 1058, "ZrsDrRhx3rnR55dXbiQSzw": 1059, "OIl_ZSc0rDE8iphiAjS-xQ": 1060, "xmfrNqU3P1SAsB4gRhaFXw": 1061, "VClMTiHXXYlLNjalD3N4XQ": 1062, "190a8VvhHb3qJB08Jb7eZA": 1063, "hwB9QTmjZRd48mbGPcnw8Q": 1064, "H8k77jyHPfl38P-5o525WA": 1065, "0DTU4p5XHRrsHnHmAsqwnQ": 1066, "_KaOBq3YjXY7xSoGKjSWuQ": 1067, "5kcLlhJPLJL_GLwrAdbZAA": 1068, "C3yVWxlgdTdh0_1xfd5HVA": 1069, "CaVEy7kpASLwNBGymLwhgw": 1070, "sDy8oKKAB2POcRRwtju-hw": 1071, "o1PbIHBctIz4OEPZ9WMzCg": 1072, "G5jzQhJ52Bi8vezj_N3vjA": 1073, "DJfiC9dvmKOw8HKcNfr4oA": 1074, "KwRH-AC-R077WT4pfkiYLw": 1075, "EQpFHqGT9Tk6YSwORTtwpg": 1076, "Xqz7p9LGVGwtyxQqg0OEqw": 1077, "eJbN3c794MNnV5cKHBoTnQ": 1078, "fen9BWC39ul9SJZfQ-onpg": 1079, "NEVXtJ4YzoUT6alIo6qEZQ": 1080, "vLhIQd0jIPaOosntvZEY8A": 1081, "8HTLLRW71WTdZdwDZhDMSQ": 1082, "wce0tudXf9BCeWhQRr0TiA": 1083, "OdEaOuyA6bI_0cErziGAKg": 1084, "AaPhPor834YyMwCqOxytdQ": 1085, "i4gFMzrV-FlUElIipCV56w": 1086, "POwODjfiu8eqBP9r-5xLSA": 1087, "iBEsxORk3f99xY-0tTG6qw": 1088, "NMOxipsnXc6olWdHYzXiYA": 1089, "6InyxxWLYI0J9y4342o12Q": 1090, "oxJJ0N82GFZeBCxBi6vH1A": 1091, "ea3HFxRRo4gZOmlDle8IPA": 1092, "NcQSzQ7P5t4cvwOr7aJuMg": 1093, "0VEa2DL9eO1llMk4wj3Lfg": 1094, "hQjN1FuYaB4pQACZwfrclw": 1095, "LGlk-Zb69sGQwJVu2w4U_Q": 1096, "adKonsQWY64vJYglPotH5Q": 1097, "KrUd3js8E5bVeMAzkiWWFQ": 1098, "Y_iTTjKvV5hLy-880SZzlA": 1099, "qRb3sant7B3ua99_NYi9Ww": 1100, "AqZuh61JU-FYQOjpcJwlqw": 1101, "QSNzozwTwY9UU3QNvf-3jA": 1102, "f4mbT-nxg2AJhqxB6XgnlA": 1103, "cyiEDw6-ra01y8ExW7ooDQ": 1104, "JyzLjUFEIW3epNlHI6Oa6Q": 1105, "YZ7_ROsMiNy_RLokJpwKfg": 1106, "zZygOZLNyJX5nDqKrwa4HQ": 1107, "fw94lNhwRxeklb2ZKAFe2w": 1108, "kO30XR2WeF6bla6dK1ZZLw": 1109, "zfD3xhVNkGJs-AOOSslqtQ": 1110, "SGPCLi-kVZ_pz1w7VJtkeA": 1111, "d8FwfuFM9SJA3kU_cIQ3aw": 1112, "ibRrf8Kv4Oo-pUsAH9wtjw": 1113, "9Nx0VL4f_8K6V6yfFLue1Q": 1114, "-_Lfm5bztNCYXaBmrqY7tA": 1115, "UMMt4n-TXTuNHG4PbjYEgw": 1116, "VrRUmL7jX867Vhnf0nE6QQ": 1117, "r0WkElB-Nr5xL5PlQHU3Tg": 1118, "swobJ5rJuEGRKqHBf8EutA": 1119, "EmurkIplcpOkh4hUnSs_ww": 1120, "U6CknC8K0NTsXn_yLPV6tQ": 1121, "P-IOj5pH_cy-HnAVk4wlDA": 1122, "Br7NfAxcRprDceabsyxZNg": 1123, "SswjpMl44u_ea8OllT4ryg": 1124, "MOLgSNgnkYktFbXrwchbdg": 1125, "sVer7l3TKwICjZ6liQD53Q": 1126, "6yMeRe_UQMfN1ukGRYhQsA": 1127, "5Si-3Rt03p8r7fGYd-1EVw": 1128, "TLNI1VHqpKDz8W7xQhIbAA": 1129, "bue9WtzcLbxvEXrqUy8dsQ": 1130, "eCk4a6VhizIKEQEtQbx7AQ": 1131, "4nQfNTpRvt3bigYvnfNhrw": 1132, "Nq7VeKMMdzxXuedztJLkkA": 1133, "D2VBAKQjN2L5P7RxflQFMw": 1134, "-TLXQfY2lZ6DVWQj4BosxQ": 1135, "kCBMksMPqNPw2dfWH_deXQ": 1136, "4Fjq-rolzbjKwzcdbL6H6A": 1137, "JPVhwIVoTnjRUMFOPzRFzg": 1138, "zotktGNVftpcEr3XoSIh7Q": 1139, "9XDFZlGs4-QwQx44YODnWQ": 1140, "PTX3ps_kEII6VnHPXz2qAg": 1141, "n0iFO9S6ZvOBh15pLeMwMw": 1142, "zBddjtgsPCXM-q3pYIHRcg": 1143, "ktm2YMsb65tRnePcYpVlqg": 1144, "tGgfOwNHg_sVZZ-DAv7_aA": 1145, "8RkMPXodOhoBTVSuuA9EwQ": 1146, "91swy_LSXRETGSAqEV0Oew": 1147, "7ZauzmeTHuR-8FqnmJbOtA": 1148, "CjePPxjF5O5aeHTvTVXpOA": 1149, "bCgB0aN-4vJWI4yVtVjlHA": 1150, "e7qswoJFIolWdf1qX_P_oA": 1151, "8ZoIRlxtj6p1gtawxt7DNA": 1152, "JRXbWVcU-uugX2DATU3nRA": 1153, "tLwgsdOAHUuGKc7uWZUPxQ": 1154, "2e948URiIgTvcaX1DKTS-w": 1155, "oGQfwULuc6mQOHHuxsc3rQ": 1156, "IlRPJq1xQYVveMP-429-uw": 1157, "r2z1IiV35svTB3F4UVrzmA": 1158, "C3Hpsx_eDfeSmxEc1HBzpA": 1159, "gXpVmuIiaVJrskxQ0eDj3Q": 1160, "p0MlckLEPUEmu6BjRd4Mzg": 1161, "l_5iaa0MREofT7KIZIH4ug": 1162, "v6Jd2lpaKvyXpzzyNDelyw": 1163, "XCvk1nyFO-yCAz3zExnTNQ": 1164, "31waNaA_W9uTuLlS0z8Y0A": 1165, "XS4rYA1V_Ru7tyf0Jl15aw": 1166, "tO-BeTQAlIWrgtzYPKCVHA": 1167, "93-AKX28wl41s9pFsQwlsQ": 1168, "la6yifAVFDIAJ_pZ8mQmXw": 1169, "2XBgqik3c0yC30zAztGhmQ": 1170, "Q70zvjAa9aawgW7KsNVGDA": 1171, "o-G2yAhca5Kqso7CYZupHg": 1172, "cR5bvpc0xeQpm-Bsx67A8w": 1173, "ZJLWf9ShKp49raQ3qSfBUw": 1174, "RDhxRSAkOxB_dubhROyjzg": 1175, "OLGQ7alK4VKl3YdQk6UF5g": 1176, "94cd_OgdBWztKJJVCwUNuw": 1177, "CBHpTYlMeG6kMo0a7LODkA": 1178, "rL0DqGKn9hUhSG-u8lF5Tg": 1179, "5BxhPxrC9ofGZkD1lncP0g": 1180, "X7cade4By6ENDk54g7XRtg": 1181, "zqBVpjYsqiALZZJQsm_PiQ": 1182, "vKwoXHvV58QtXyI0KcVKKQ": 1183, "EfTREsIEx5ZHd8gnOkLujQ": 1184, "_kcHxYPXRYjU4hk2xtCO0w": 1185, "2GdKEMhXh7xeFXB7cZRsDQ": 1186, "GHoG4X4FY8D8L563zzPX5w": 1187, "WyrrCOkp8MaVfj10UAOMFA": 1188, "o15SFerEo23dMSiY_P2xEw": 1189, "z-6Da_I-wHK5AnXq4Cz_7w": 1190, "d4ebnojtbb3VdO9jOjl3ng": 1191, "V0c-AS2FFCeSaV-3JfG5vA": 1192, "3TvhAeAgSmEFczvr_bgdog": 1193, "fT403FEKB5VJqpjq-hdVxQ": 1194, "IDwjyXR4zY1fICjuG-1idw": 1195, "zCg2mUmicb4Cssv3ScouSw": 1196, "Yft76ogF5YzCQ4mn6vSQ6Q": 1197, "zCHoWZoezV35h_mySWyRUw": 1198, "vxwhqEVTd9xYlhEYra3Srg": 1199, "8HkU-mqIe-9KAhhIjBiaXQ": 1200, "jIGFSS0CEI4cTksW0k9-xA": 1201, "-kLVfaJytOJY2-QdQoCcNQ": 1202, "MDtd2pqpOroIfwSJ4OpdKQ": 1203, "I-wq3PJNBlaZ8tpi0SdS8A": 1204, "s2Mnlw9nOJ6l3SUckyi7mg": 1205, "a3nDFg2303_aAT_BYLjKow": 1206, "hn18xnU4C5wM_rlQ06FANA": 1207, "VEWzJnleYqTOVglmDALEyA": 1208, "irJKUrPxs5Z5fTvya-JVyA": 1209, "t3yOpTibhuvd-Lt7FMvqKg": 1210, "CCcgpUwFVGtn4EXXByMerA": 1211, "y9B_A0ZCE0SO3ut4OkUtOQ": 1212, "T2CenOfGvQsbAEY9YdNhBQ": 1213, "6j5Y9Q8wgJXl--AIMKaH8A": 1214, "rr5zzVWVu0u-P5P1rHIV-Q": 1215, "SRd7-3R8jG_WHAS5C4BfaQ": 1216, "OywXBZti277Qi3iiIDNTKg": 1217, "b4hKq2XFGFTQiI3Qj26W2A": 1218, "2md4AYkBRDKvoH8YWkdgXg": 1219, "imGQirCh-t_Kftb4U7VuUA": 1220, "XrWAdRK4CUUK85Ak3x-HDw": 1221, "pZrNsWg-H9VVQDMSeqmL2Q": 1222, "Qu2e0e_M-Nzd1Sn87VLQUQ": 1223, "Rxx3Eac70Q5AYLETwlMGiw": 1224, "JnXCk0zxxUuMrwDF4RA5eg": 1225, "4RqZNOGeyw8kn7cwyPS0zg": 1226, "fjqbn7Ixf53VVul7UFdXJg": 1227, "mIUVp_l5C6-vt6plmptXnQ": 1228, "rL2hC27iA1AB9RvdLLbkNA": 1229, "leDIDqF88UxUU5DPY90PSg": 1230, "YDH8-780BGUMGWb7O3Xwgg": 1231, "3JUC7dFE8sKBrDrbTtSkaA": 1232, "7o5HLEkG5UhtniO5RASU_A": 1233, "HVAz1kANuNrX3zqVe4iRPw": 1234, "rcsyttBT_a8B4pu4zF9y_Q": 1235, "QczCdRxNPg08FGbrj9n0VA": 1236, "tDu_y53Js6fbbtCnJMkdiA": 1237, "eJY8svAq_1pt1VQiHu7lew": 1238, "7igTVTgqI3WiqZp8hrgaMA": 1239, "Pj7oG3izwwQrTQi07PBkyw": 1240, "zYFGMy1_thjMnvQLX6JNBw": 1241, "DP7ddvk4zqxdbYeHU2Qa0g": 1242, "ESlbhXivKfrymFf-0saA7w": 1243, "oo0gy7nuHywgAgpxETiB-g": 1244, "lN_sKVrvdQA_N58IhpSEyQ": 1245, "2M5nrxf_CBlu-y0lKoqGhQ": 1246, "dLeQWcavoGKfof59f3Y6uQ": 1247, "sMPqByfefvg_ITlz9t5dPA": 1248, "wzA2spUhc2G1yQNNJsS8EA": 1249, "5kfmmGwLTS4ncU-HYvwgww": 1250, "q7-PSeTlNKVJsNSmctcDgQ": 1251, "oBq1_pJwkO9Lug4KxdoVww": 1252, "2apjFlbVCsUPWVQq8cj6TQ": 1253, "408hwioZ-qUozGrKzoqKqQ": 1254, "I-JKKX7PHHd_z9nNMkH6kg": 1255, "VigsAph76fP7pechJ743EA": 1256, "0ZL5GlH3FjVJ9ATnGDNRGw": 1257, "AnmnLjGURagnzk9PukE-ZQ": 1258, "WJuMr9trOn9GYl2des8ZIQ": 1259, "x1QLCwZGFAjxRRw4EHc3-g": 1260, "_JNFhqt0aE70sONOOiCZ1w": 1261, "WIDiCSoG68ScNeLLhORN6A": 1262, "VI51-sio82ukYs9WfwfR1Q": 1263, "9wEZMCmuxJzbti6E5dZtAw": 1264, "Cvi8nZTwDVaQkqmmgQwQMw": 1265, "93i3SmY9se2iDQ8mqv5WOA": 1266, "slpyLHWsvPXwj1XPoyjugQ": 1267, "R5Nh8wSPHCnPLXwpybQOiQ": 1268, "S1-cbVcXw7PsW1GGl1H-xg": 1269, "pGmbV55YLG54t8r1W4F3xg": 1270, "WDX_KkxwI8VYOF3RHpNLpA": 1271, "GYFs0tO6pSbrb-9u9tHqow": 1272, "vYMvOTL31e0KbTo9Hd0tjg": 1273, "q46P4WXcdOeIx0yE5keY9Q": 1274, "XwaM3J0igbwbFy8zpGB15w": 1275, "lvrLf7yb4QD9JIKdIXaFTQ": 1276, "r9S0VYrdXJrdhfR7OXj8tA": 1277, "ZH3PVSJ9OFcps-MXsJu09w": 1278, "9I4LrQ-vns7Pb_srlHG0DA": 1279, "AtfoNnP2wlYmBjK5LAIUSw": 1280, "4e0n83yJreVE63cT5HmHSQ": 1281, "N08zbwcZ5zToLnCZAFmByg": 1282, "8fWd8953RPgFmUBd_M0SzQ": 1283, "Unk0vlfw3QrPrslXnXWSSw": 1284, "14atJCcP992ghFoOcn-4nw": 1285, "lVW0BD_ZkWVGDVwBurcyWg": 1286, "EkIIFm2zmqloYWXRHbwwqw": 1287, "4_OVSuZ8N8gqyHQjV7W8Bg": 1288, "BaVAIYKYSSEMT5_sXRiwLg": 1289, "Pn7s9X79AVQHtDctJPlGpw": 1290, "tB5Qzb9D2XHgBLOWwzEImQ": 1291, "eFRiuv-gmbd0XpkyycuL5Q": 1292, "o9QkuHIyxmqbORF7PeAbuw": 1293, "2S_TNGTL1gDTDu3T2GYuXQ": 1294, "VKlMBA6qX6JTXVRR-tTjSg": 1295, "MpQ8K-NFcIB1gvNUwnAYgQ": 1296, "9YTEd_NzwITT0Y-1WgiJgw": 1297, "SSafXe2aUO0cXgQhEdtzrA": 1298, "oF20BNxcphfedn93Nfwd9w": 1299, "TjXHdW8E-9Jk74mSwZOvjw": 1300, "fDOmWO4KP03mmtBu1yby7g": 1301, "0dxR_Q8PCOOWNkfpvI4t3w": 1302, "xBSFz5aZMQ8TUv3KgGwthw": 1303, "uaURMprG-udxpAoZefixEg": 1304, "ATK1ItQDQsHD5IG3sUGNnw": 1305, "Nl_3TE2rUF63bmM680484A": 1306, "A1nIXS5XEWeZ2EUUcOsurA": 1307, "m1M-tb-oAQAHMSIq30GvAg": 1308, "hfB5vHwP-2eFOzpEpxtFbQ": 1309, "4qXTMirb3noPUosWj_Pfvw": 1310, "WIaqPitProhpPLfZ6ZdjlA": 1311, "kc0dF9tfw9o_fwQ9dABltQ": 1312, "4iRGLZ0pbCgI9zUefSlOiA": 1313, "8FilOF3rJfF3MktgqpsvMA": 1314, "0DK-fg2ZBnpkMKnU9SgPMQ": 1315, "ThHJVG58S2pqc8vJU4fDkA": 1316, "5yZr0ZOYqPykAXWTNHS4Sw": 1317, "_mMGDi9ZSY-r85GAEcsksg": 1318, "z10WysUiI6nIxJbmlzCQXw": 1319, "sraTrYU-7q_bQ0TxQrLJvQ": 1320, "II0Hug9ulkWaI5u3J5xiTQ": 1321, "Gv-D2ODquTBrmYiPVzxDlg": 1322, "12nuY5DRprBaDa9Rc4NLUw": 1323, "bGPaNsTLxN6n4kbQwCPkew": 1324, "t1NNDZV1kMoyZeE5mr3U3w": 1325, "yx2WqokV-srg1VxvPJ109g": 1326, "e3L8WXi1t481HuEk6yo8YA": 1327, "tgkjSWCcWXAAk2DScYmQrg": 1328, "NGGd_11d2RXR8wTurenLgg": 1329, "vCUeFAY774VtmpszX9hyGA": 1330, "50V3UxV1yeHnnXKQWKD0pA": 1331, "iJE3RnVcfHM3jsM4I6WFCw": 1332, "30r5DFdFEiW3B0u19ru8lA": 1333, "590n3_2wj7xIPBzw8ogXTg": 1334, "I2XpWCHAom1JRyHXZQrnfg": 1335, "KZRwEchozo0qeYdWYerCpw": 1336, "4UAqdgiCe1jwI1IQl96MIA": 1337, "Qn8COFjIRLy0W2W0jUOsmA": 1338, "-SO_K8oLVH_9J23z2MtjGg": 1339, "dhLizr4a2oydrv15y56r0A": 1340, "XxG5SZOPkihWeJe3r9XL8Q": 1341, "FewOog095KFPHUNVxCIncQ": 1342, "6o3HCqQRaIusRWCCD4-iDw": 1343, "JSzIwMqdSI74_ztnbWzsEA": 1344, "yOLXoEGrpIxsWGfihJjZFA": 1345, "_SkbDPnzneyOBOvuXB1sdg": 1346, "2P5EzKHd6EGtGyXTRn_7wg": 1347, "Wjia69bHEb7xeWMlxWNPGA": 1348, "RQjtzwpJOU3-_g_KxsbgUw": 1349, "OmL2bjLvvRxg1brM5Pehgw": 1350, "29K-usmZfVDeIaQ85EG54A": 1351, "dXgGp-vjO_TSIvLgNz5uaw": 1352, "60l5-fzapRvbq7xZphC_1A": 1353, "Od2Ev0b92eKrciDJIRVNpQ": 1354, "dsbAtkUiANtrAPdMqAi7TQ": 1355, "UzgBiZJwRlnW_iMkjugP_Q": 1356, "Zs8Zk3sgh5JxRmoZW4PJcg": 1357, "OINYv6r1OMFK9wbDpno9AQ": 1358, "Ba1I_wRHRQzvuyFU4PwPrw": 1359, "u58FjSNB9K9ST_FQ5SAT3g": 1360, "K3aALDXCZDUMZoak1jStiQ": 1361, "KH4FP3TFEkIhFEVQ7oko4Q": 1362, "X7zm8FuL1iDfIbfFK9WFBg": 1363, "SeWsQoYPbQuMAqfRNNS6Jg": 1364, "p1f1fh8Yp94Qa8l4hgk2_A": 1365, "ZX9aq6fKbGaF6hXSnkDiAA": 1366, "Xvv0P_0B57LoyGrVHGG_8A": 1367, "JK4hzpYfQl57cMv-v8sGDA": 1368, "gYga59Vtn5pM6hZLXhKF1A": 1369, "GcdYgbaF75vj7RO6EZhPOQ": 1370, "dqucQwA-CHWhUczwqIxKKg": 1371, "eBbIYdWMsnDd3b5n84TfSw": 1372, "-GowNe73gDZs9MfS3ugJDQ": 1373, "wd-8dX8iFJYGoCKDESgbzA": 1374, "xQT2u-i36B2I9NCgINAr8Q": 1375, "OXYKSgB3rOORnH6Y5BrIWw": 1376, "9RnpLa4__1wkVj68AnQvLg": 1377, "hdzTAN8DGJKRddkZ8279JQ": 1378, "9Gl_ovbA6b2rkYyt5dUfmA": 1379, "bPARYLnM-S0Lzm0n52nyZw": 1380, "cUB2WhICFuSe7DwXAIoo0g": 1381, "8uZwMLB4p9KlMDzSZ6DmwA": 1382, "ZQ-hVBie3ls9u951cJkgSQ": 1383, "pjCy2e5hYOORQcULHVLXYA": 1384, "a4mO387_O77ebmv8AlQB3A": 1385, "N8ITUUDRBpo1hTNDvk1byA": 1386, "Kvr2ee_XgRMkrIf0HEy9Fw": 1387, "BQkC6RneYfvfG6wRe0hsvQ": 1388, "V2__oIIoNuhoPQZcbeoO9Q": 1389, "0DB3Irpf_ETVXu_Ou9vPow": 1390, "CLFWJOFXrjhsZjZAPhaMSg": 1391, "c_Jpjy4O1bVB3P1ru5G7Bw": 1392, "8tWdY-5vnxdOImO_wiMprA": 1393, "g3cYRU_hNKMOlB-gcrlGjQ": 1394, "RkOdQL51_KAkxlGbIUIXIA": 1395, "_C0OWFNiezmDVsyKbO5Bjw": 1396, "zkQi7B9b-yFbF8k2XSnDHQ": 1397, "KZojeg0rEdisrNq05KB0_Q": 1398, "aBA76hKuLWuNVTS-is7fGw": 1399, "4CsiJygg0JKL7cjr_eODVg": 1400, "QTO-6rUz0oACMskTtO1u_A": 1401, "wl1qwaddnlJr2izuGbN5lQ": 1402, "0kPfZz9R1_0f7vYSXglF8Q": 1403, "GL8qyHNUTpgJXW1N64b7UQ": 1404, "UPrY6IEGG1qRZhqRLDkb9Q": 1405, "Z6zAW5KYUbOqlv1pa63STw": 1406, "rdQo1I6tjjR2Wg6UUu5ZnQ": 1407, "lRRVRehFcudfbjY6yUX6FQ": 1408, "hwzrnwUiqJUHSN_Gmpp4pA": 1409, "uPr3t2M-OykA8M_oro7j1A": 1410, "FtL5Ix7AxfWnLShGvx1lkA": 1411, "KO_w7opb4VthO-69-qU6JA": 1412, "GMCYr7LJ68yPb0GDxp5vhQ": 1413, "NLx3b8veNcD0ubTeg1e99g": 1414, "WHaISgEzqLJDfZ6EmiqOaA": 1415, "b_hOVL43ocK8Shn91hdlHQ": 1416, "U1cgU-ncfs07P4Qxwv3Hsg": 1417, "Vaw5DUlK46KrmyDIX3cYbw": 1418, "jErRjYz6a9b2qJ0xHaOAFw": 1419, "Zsdee1KEpMwjg5cqx-VWrQ": 1420, "hnPTPyh6wNfZe1GxOm21Gg": 1421, "T-AH150cJRfRoFJVA3hj3w": 1422, "lABhRt6E1lAvG68kqQZMow": 1423, "2bwkuQOvkKue8oMDH81sTw": 1424, "VMLDVK6ANh-CnDxQNIAEEw": 1425, "_4Ye2RbfceUfUZZSx65omQ": 1426, "ohYnCSs6eTl7O6o3UySpgg": 1427, "nWepkfrazqoTWkPDdgI1bw": 1428, "uESIlsti-xAWS-_PalpvnA": 1429, "6s5whJLSvZFIF0Am4RyjUg": 1430, "tdEtv1_1SShU9RHz6J-DZw": 1431, "R53y0qIWqJZxnbyWNDbrMg": 1432, "dqmXRM70bOzlSKzHjx-_dQ": 1433, "DwaaafwryFbW7C4E1gU1AA": 1434, "XCydwvWxRidDyHKetxx8xw": 1435, "0ShrIFzIDdpPXxtEXjV8UQ": 1436, "yiYUEExKfZEv_T8CFTBGRA": 1437, "TrU49Ydk2ZMjlh0rtOVj7g": 1438, "HXf9sUotX6MS1oLbYOTj8A": 1439, "-V7frksbFjKQYVhrPnnlPw": 1440, "AVyU4MC9ucdgCFRaLNpePQ": 1441, "G-l9ihg3sRAiGTuZLDmJTQ": 1442, "jFSrZYDK85AM4Yhrbg99kg": 1443, "0zDHiDbj79uBOy3OAcE25A": 1444, "jvR5rseXdvLtK46Ckfifrw": 1445, "w_CCeboDuwJ6qNQAR6HfoA": 1446, "Lev9fZK-OU_R9XFQA-93ew": 1447, "wqrbPeGf-bimRXU5t1x5Aw": 1448, "KUi68mRmbXbz7Lrrf1T2IA": 1449, "Oo-Sim3XTQXb0oVHJJem8w": 1450, "dhcd0-vjumNzq9F1aeK3uA": 1451, "dXbDIjMlElEPZDMCLzC4WA": 1452, "UrQw8IyTOAAlokN-SMK3_Q": 1453, "Id615kNOQxerWg0kU9cmfQ": 1454, "VwhzT8r8qlPyTGYZd9ObXA": 1455, "jTMziYCazn1EAJQ7s0eDhQ": 1456, "WHuuz1Xm8zkrUl8fAd31Eg": 1457, "toPeUJ8FLDdLsLjL0Oy5ow": 1458, "gopCgvFzBdM7SuzOHHjaHw": 1459, "J4yF68T9LEUWRvI1v1OQFw": 1460, "uSLc9pJ_qqQT3mjrYXb6fw": 1461, "1GH6Hnh6jLfCT951zmcUYw": 1462, "2jCrH48LDG4c3ja4CLh0qg": 1463, "6ZNnGHBEk2ZZctdC0fX8vw": 1464, "bnKo6L4MgcUbLZH7fmnkrA": 1465, "oT_q0nuh6lDe6LG_HierWg": 1466, "PTVLT2wEUrFgr_hT5uldoA": 1467, "EFw9r83RQGk-ei3NR09K7A": 1468, "0oLUvJnNu2RzFwXLsuaqYQ": 1469, "Kgb1KdaTrRnGqQ4misL12w": 1470, "ckAqkP1HGRVjFZs5NURQwQ": 1471, "Uh9ptKSIS94mET2gIp7xzQ": 1472, "c56oZZbK3bt8vFA8lz4wfQ": 1473, "GqPMNFeJ4Ta2MLq2IPW6rQ": 1474, "e-xLQjedmDhGcZ0Qzb6TPw": 1475, "8PmYg12cee5WiVvVwxOXCQ": 1476, "0v9ouDw3jLW4dAt9Z60dWg": 1477, "AV_y-DzYPiKFizdtbgDrYw": 1478, "_xls8a1gV5ieMmvX0louTg": 1479, "jswWHPctnZGH3qqvN4mzoQ": 1480, "uxlVKI_tSA-yMNDfffngJw": 1481, "TPqJNciY0iNAFdWA2F_Wxg": 1482, "MmEYowrsA4j3K4gc9Th53g": 1483, "_LFsU661kYVcNRcDiUq13Q": 1484, "wk0AcxzO1wBJzBMwvkBcbA": 1485, "AGnoMbAiUawiGzq4J2krDw": 1486, "AZyRr8nAo17aGlnPCN_3xQ": 1487, "20bWMsW40sdji8-wy4kHzg": 1488, "Lly8yjfZBz1EpAPlZal7og": 1489, "lwMRSo8NcI49Kuc8wvPIzQ": 1490, "I2XEhv9zBeAJcwYIrnMf1g": 1491, "9LKsE_ewv5gfsymQUTpbgA": 1492, "NFeNXGbZWRCe6qMEppNdRw": 1493, "WwulXySQN8t2hwqH_yWurA": 1494, "AWtpMObUIkkmJxObHelgWA": 1495, "qm796RfFpk4hWp2W9yEHCg": 1496, "GglTs5xrmc4xAeETBK82Lg": 1497, "fdmU8SZCzcYd8sAh6dWGkw": 1498, "0PkCxX5PeubHdkOLnvSVaA": 1499, "DWXE3HLhlMEIcasBed-RXA": 1500, "fa8NWW6_UjyvMWPg90C1yA": 1501, "RUkLH1i152bEqfqwgnOpjA": 1502, "1Ko1CajA-khSe6OZH4AtDA": 1503, "YlWqbKfRinSudpLlgTxKbA": 1504, "hC84EIj6uPIkTKNjTnMx7g": 1505, "eyvhQWSbb7vLGCxQn3WGxg": 1506, "vekN_2mSIhn9y9lICWmvlQ": 1507, "fpHUpxSWuM3DdgxvzBlkYg": 1508, "nAPU1-75Gqg71NGr_HosFA": 1509, "pppIHoA8b8B8Wd5t72sDxA": 1510, "Cho8yl2rBzBytlt_kcLJYQ": 1511, "RmDRlZsRr63cAWpmomMJrw": 1512, "oknU9tuT6R16XlolOBnWHw": 1513, "L9vn5VegOCxN41cduU3POg": 1514, "gbU3jC4hXjaFltZnX-mtTA": 1515, "MWLQEpkjLqjst7dO8TeEwQ": 1516, "AwGP1zmqNZVnRmYFliCq6Q": 1517, "Ry2eEdDFbB3jCd-puLq0bg": 1518, "XtVNwa5QsnauAT9yHWN3hQ": 1519, "g_Y88iSiJ39CTd_x1k6rjg": 1520, "1pR5fCGVpPydBbu94KGi_Q": 1521, "4MNipe--LZ_RcvVmDxjBhA": 1522, "u0igpMz49lHLul-9yH9COw": 1523, "fb9eDPNW21CSbYyOfnnwIQ": 1524, "oxTjawE5b_E8pumy5IxkHA": 1525, "YJLMa0DDZbRIGaoqWoXUcQ": 1526, "Nm3pTyfLdW9lauuA0lwTmQ": 1527, "bAmK1OzZpDkKeN_az63sMw": 1528, "Qj3D2t1AeMIDGPbQtazguw": 1529, "cS6w05o4ZE13E5T7X0AvBg": 1530, "UWno3Mrt2OwS1OEPFNYdhQ": 1531, "uD6bEyjEnCXS2M9LTJIzCQ": 1532, "0Lr1srDYn7AkcoBkCAGN-Q": 1533, "JzupCYb6JmSOY1uau40ZXw": 1534, "dBrQG46MhVWobyPeE6Q9Iw": 1535, "AXhRaEx2WAeHZwczlAJQRQ": 1536, "kkT2hjZ_TO-1yKdU2y0vKw": 1537, "bMy4adFV7fnjDrjW3YxO3Q": 1538, "v4YpejtzBmFnhxLdeDkqrA": 1539, "dmIiVMjltf3abzGuSx369A": 1540, "-G7Zkl1wIWBBmD0KRy_sCw": 1541, "rHQwXOOwGTa1bb-yzgvqDg": 1542, "wYlael7ejt4I3vjaXmpGnA": 1543, "jXE0JckCU6jr3Z_jznNWfA": 1544, "V0-DkVYBMlyr9QVlc8DCiQ": 1545, "4LkJIuob_334J33VjneAag": 1546, "Zd2MiIfCHT52WXoUKtYONg": 1547, "2RFyJnbJ5AHT9hQp_tMeYw": 1548, "xWEKLTw0NWgHS67oCyVp8g": 1549, "g-FsTj-oyg0YGm9gsJLMWQ": 1550, "Yj4SpqG0OJxbg8L1Qsrlsw": 1551, "4NXK10hVlIXH-mijia5vQA": 1552, "YuX70bdZdGXUdyU1mKaP4g": 1553, "QSIoCtJ1emofP1My3BfmHA": 1554, "jDVTMvaSWWhkaxbL-KslgQ": 1555, "-HYCAMf2ml717YD5Y9PKIg": 1556, "YmVAysf6VHMthExyKwDQXA": 1557, "Dewn3eFhrFQCDTFu__Pp5A": 1558, "-dnERQYQCDVZFMMuh7bBDg": 1559, "HPqD_nATHVuVjTyt0Rxatg": 1560, "FVGl06f5NV3qKJEP4B1LMQ": 1561, "AbZyxCAK6mWlfTj4Pa6exw": 1562, "jA0ToEPV2J31wcS5q-1eCg": 1563, "iDf5fHeJg_9nZ9iJgDFk_g": 1564, "NzUzlpp0UEGzGVHcHnzTIw": 1565, "ugsrLdSkRmZa1AUUAMOG2w": 1566, "LOKNR2g_LkXjOTy-s-3s_w": 1567, "wxqxIOP9SoqKY3ZxvKchqg": 1568, "kGJg_kMhn1RjgqIJPJr_VA": 1569, "WJR8f_QNG1kuPq5V6RxeFA": 1570, "7nfF6uMG4goeQV6cPzExgQ": 1571, "XMTt7RdipRrWQwVF-yuqgQ": 1572, "BiLX0Yc3vNJjVNLocBJyHA": 1573, "XF6GG8Y_XKESMfU4_vIgHQ": 1574, "WvutaEoxM-8ME0JFTTWBDg": 1575, "5TE19zTjTIPq1HANACN7sw": 1576, "gL0PnnFMmJbWphaOh_6BsQ": 1577, "2b2J7kW1nTVTtiZtizw-tw": 1578, "6VQZtC97AE3xImIJIJvakA": 1579, "rvYTWj_twMGMkT3k7qjxZQ": 1580, "pVoAyKAT7VGyPC5xktUkMQ": 1581, "XEwEdPIjryudxfU098wapg": 1582, "40AouWLnY0pQDwJUcidqiA": 1583, "3tHXp6s9wsNYBs40C75qvw": 1584, "J8NuJQsTUf6VWChuLJ91rQ": 1585, "TvltgTum3g4EpXL_9xBmlQ": 1586, "b8SWcnxNL_czKgvRbzP0Mg": 1587, "IwftiTewrcRkbhQ1qFTkew": 1588, "6kJFLAHV-tNsBEZaRTqEWQ": 1589, "dGni31SIdODnpG2RHG8qDQ": 1590, "F1V-YF-nHy1miIofqpwphA": 1591, "VVs0OoDD7ikOS5Qtme6YQQ": 1592, "iVN1wgGLaqOi62_-8JkpnQ": 1593, "sGaoPWB_p1aOm5z9cnV3Aw": 1594, "ysakeAQj9mknDNeO69-FzQ": 1595, "Hb2RzG3b9YEBlrwBWzGtCA": 1596, "BHjGzxDl9JT1eQOCJjI0BA": 1597, "2-IA-jVpiZIxC0gi8QQUpQ": 1598, "kTpsjDUhl9BlRl0FVuNreA": 1599, "QHX3NxFAlda3I32taYzI8w": 1600, "Iq01HVPaGAJYJXUaCq3Dyw": 1601, "oILXrfFv8HI8Qh8pDsGenw": 1602, "w8nb2zbYMbh4DL8vl_d0-Q": 1603, "UHgsuPug4kEmWeRpvV_krQ": 1604, "4lXwcTkAaoZoO17y9eOljQ": 1605, "q4hQSVOCK-FfNfqPqiBh4g": 1606, "iEm4iGkgzgeDDpn5WDBQCw": 1607, "jVmVkhZ8NX0eGk5DhSeNUA": 1608, "IiVxS7IZQY7g8y-lTY-lCQ": 1609, "Xz6achh5wpWKRB39-I9OyA": 1610, "2a9uyq3zsX5RIxG_jtpM4Q": 1611, "YBFi5KUZyH2MkLL_PW4pQg": 1612, "KRNbW2TCluXsd8VtNJ8uew": 1613, "iJ97UrvPlGNttp44qsJ-4A": 1614, "SKJpOreXKa1PRpvSKjzMng": 1615, "uKoKpRMHF91xXXLK1OTspQ": 1616, "hL8Os05NS3en1OWRgj-TSw": 1617, "MFjAkaFuD4wznsa76d83sQ": 1618, "hLxIRMn_UtDGVG_8Z9qkEQ": 1619, "HjyeYbnxg20fzRK7jyqPHg": 1620, "yHoodEcmuao7QYkP2deoUA": 1621, "gekp2Z5I4vPGf2NeFnZX2A": 1622, "h9x6C4vKVkkS7TVTWflB4g": 1623, "OvpTIjhGpg2y2kklHa47NQ": 1624, "LnFIWZM_l__4t8Qxj3pnOg": 1625, "0ikReUVUjKPtxajKx494ug": 1626, "hfZiJgz6ipKp2oBQbtnehg": 1627, "5uWz5_PITe7Kjfeoo5z77A": 1628, "83Ri6AVgFk0F6VNfkE1ykA": 1629, "vlx1Vn0txmphKLtpK3L52w": 1630, "QiTswK0qYfWh3MCGngbjoQ": 1631, "4DNVY2SgiNhpbhFj8mAhXQ": 1632, "x49sPiZ0UxwtsdJnR3T6bQ": 1633, "p6RurvWCPEqR8PP4siwiVA": 1634, "6pbNMgTnSYrtPHDN07IXwA": 1635, "HHp96KPsroyYDAHOwo_VSg": 1636, "rlG1sLt1SM_0lmAasBOYEg": 1637, "7n_Z6Du3NrZB1GhxpQDW7Q": 1638, "btSaJqMiUwMemMZ1AhCe3Q": 1639, "URPUZR0LWdIW7c9uMmJJEw": 1640, "IE4xKfypWuM3eaaq5q9IxA": 1641, "0-hb63A9uWjR1YIyVMu6rg": 1642, "wXdbkFZsfDR7utJvbWElyA": 1643, "7XXKi6pgXeX1uJZcGjKNRQ": 1644, "vZWNh7DMwYVgz3sz-JudwQ": 1645, "TjCS-ZDDpgp38DNKv6bhJA": 1646, "KFiz7nL-lRFF-xIgOPZLkg": 1647, "m4uHs1KziG5vngKK2pLv7g": 1648, "SaYctOj-v2LNNkD4EXtZUA": 1649, "10Xfhcdi9PZiYUoNbHn3jg": 1650, "YWB5HV5VFWXz4TOYBMmiEg": 1651, "a_-cGctRb1Tjzkzw8Hp3_Q": 1652, "JK8xDjaj3VFybdeeAoRZAw": 1653, "Vg0-Hj1sk92UhPBcoFqalw": 1654, "N2dacTY2e4Z0gOfF6GE2Fw": 1655, "JW5W4OZCohTvZlRF1jzrTg": 1656, "rCsRmePT0JcI0-1ssVbTAQ": 1657, "_EIuMqvlS_HRUKk5CKzM-A": 1658, "WXNi47QBnu0CkMBRsnKEqg": 1659, "YDWIP_8WxUn2OwE1R3G2aw": 1660, "hoFp0sSzAB5e_ekzOeHHHQ": 1661, "LmKXOdNKW2ybjLkqUiDhYA": 1662, "3DbINcPH5PI0DGEQp5mwbA": 1663, "vqV0Y9XQhK3mAy1gEY1R5w": 1664, "FzR7yewGp7glqz8knVPYSw": 1665, "fCffaLUaWrI6QM8I_kHcfw": 1666, "wcv6ypJ7oNdfBA6QiB0pgw": 1667, "tBI1rbIioJ7o1_00OMXaCw": 1668, "JOXV4z_oYfROwFe29x7jpQ": 1669, "WfiKbSZ6W0q-LEZ99zCZ3w": 1670, "GBOOSbEqcvRqp5X5ZCEfEw": 1671, "V1p3KigG0ApNZVnE407tQA": 1672, "629zIpQCFaHgVZZVQKdpew": 1673, "cqoSx4ITtvkYmWaL6gf0YQ": 1674, "rUQ0uTP4lbqbEl7PGhCugA": 1675, "3iC_nXdJQGhXtRNT8PUxYQ": 1676, "stUwmVSvwF0sb-NE7IRM-w": 1677, "GfI-d9mQePFA2PvhAd4WGQ": 1678, "EtT1tdGlMB4nPRBekuWbqg": 1679, "cpoLBmAtywicBvffYyr8Ww": 1680, "byPpmPDen6VNPNtVh_iKhg": 1681, "wzUFZ3DaU7k9R2S54IMPfg": 1682, "e67fm29pOiQUcPSltCAHVA": 1683, "K4l-QrTWeAjb5xOXd81iGw": 1684, "scMLUgV1SzTe9TjBBuf3tg": 1685, "UOgv4vmo0V2W0VXa6Ly1KQ": 1686, "LcHgZBG-AaDY9jzzONRphQ": 1687, "bNnBwW5kNO77KTgMeVhxKg": 1688, "cIVmIJD7nIiEcVGamfBoVw": 1689, "pLE9PzQ-3BNFbGjrMSxo2Q": 1690, "aYveEctPYcZiubXyEgLhTA": 1691, "4YyJpeAr6jsY0FaIbLiTSQ": 1692, "DTNAb-1gJ6e2nyqCc3fdcQ": 1693, "oT4-j7Kht8P-8EfE9FZCKw": 1694, "MGhd2nlRMNtMapKIstA9qA": 1695, "YX32uIyzBZYSIKXQFkD2vQ": 1696, "NIRDbdUyBSvZY30m7QUlug": 1697, "H3cExEGaTjX_NVDvgS5TnQ": 1698, "6_VZC1O_WcmoEg54M-hCFQ": 1699, "kTpLsEWkkX7fRxZPToMsew": 1700, "dzJZCVORbdsa4LlH-Yb3nQ": 1701, "Ps6sO39raQVVoGnx0YTt7g": 1702, "huHPQSQgw4kFakc0Vq7TDA": 1703, "r4NVmZeL9UwaISRQYKMv0Q": 1704, "2uSQbWdY-Hg4vnU_lbXI1Q": 1705, "iBRqbcx2UbyWbLW1mGySUQ": 1706, "Jwl01bIIoX9sVTP0dHSzwA": 1707, "LbxJELh7_YndlOUeFLlKVw": 1708, "houyW9Vr1OWG1OeA58ZECA": 1709, "D7lwhThc7x81CKXPwt0hdQ": 1710, "FbON24rvSxUjGjUWhuCdOg": 1711, "sTe-Vnzl9Of4NyMNW5UfMw": 1712, "qWYmMgvtgMK6wDzprFqC9w": 1713, "E3LXyFSDT8SHjyWEg3gz2w": 1714, "G_hbkZzbDOJAwhnJ4HtQfQ": 1715, "6WxhaJVulNUUsNZJ7waaGw": 1716, "TeHp5f1KY_7Mh-swUWSjuA": 1717, "L4iT9ZCNxS2YxTzc2G5ucg": 1718, "xYgdYioZpHUxApiddFhCxg": 1719, "okiUYM9l1l7AQAVpYuRLHQ": 1720, "V-Tv_2hv1Ag3wQrqOpVnEQ": 1721, "aGDtObhCNrySrrT2qpljfA": 1722, "LwuHCmFSeFhCGeschjwmnQ": 1723, "S4DeWtPTgXQ0vPS3H0Aw6A": 1724, "a2xQmGYb4gyPwH9KXYDjbA": 1725, "UuiCwhkdkJkOY1lv1T18Jg": 1726, "UWPPx4KkL9VMxEj4uwe-Ng": 1727, "y7H-4bWuX3eqC7C11DvQcA": 1728, "lnohBN_e2qklLESYih9Mvw": 1729, "JKlcPu7IwDn-rDCGoLMGyA": 1730, "byIpgEbSQo6KHHhKymgU6Q": 1731, "jyQNB4mgvLdXcBOZD4sAUw": 1732, "EOajY1L3ole3gLTCZ2xw1g": 1733, "qrqmVbpBcE18Ib3HHGun0g": 1734, "-utSXIoF5aH7D5b0hZmTow": 1735, "q8bVb99MkJSIqq-TwUXRbQ": 1736, "lxzNi5_UV86RdR7SaeIuKA": 1737, "Lo0R9xg0KBZaWcpFQgvq1A": 1738, "XzpJ4uHkxARCFQiZ9bffyg": 1739, "Htoj8c0CKnH75L6-uQaixA": 1740, "EfW2wGuV8VCFkVfRJmQwng": 1741, "Ww_2Dr-PdVc8MQdrT7zYBQ": 1742, "hOBvwQn-_Ag5OKT342wKgQ": 1743, "WBlAiBpB9kMG2YbO7ngYvg": 1744, "Yne5lL6wC3xz77E-uOf9HQ": 1745, "m0UxagN9K80ZvXqp3GBa9A": 1746, "miwSBbmZQXOkNo7XPMiEXA": 1747, "0YyF7OrD2VEUVUiYmKZ8MA": 1748, "ihpiDOSAKedbxPx-j-oDVg": 1749, "P5hp_o83R5Uzey4xkpCmRw": 1750, "POvWjPL-06je6CIeRRTLNw": 1751, "Vexm4pRpdkALM6lUiyX0pg": 1752, "n7Rr7pkdtj1GXBb4Kdp2sQ": 1753, "I86B4Am5uRN6Aq1F0X7Sxg": 1754, "A9cXP_K95FRor1qxuUEu2g": 1755, "1HQ3yuhqVJPqjCz1P6fDeA": 1756, "s-axaYJPfo4osFYoJmhPBA": 1757, "Byog9k35hMURW_O1dIteHw": 1758, "Y_t5q-UsgTwUEnzAQ73u1g": 1759, "2D_f_K3DVHqucxxnBRmaeA": 1760, "kauJmG3ZiA-m5u0nPrjb4g": 1761, "cfc_LBkmJNzqDQ97gPdWCw": 1762, "Utra_WbG2uEQeCNpucoIqg": 1763, "e4t4Phko2POKIMW4XoKX7A": 1764, "0vRfiwQ4UpUNtzkFe-gpxg": 1765, "gHVdGL3Bb_t6-Tckf6loaA": 1766, "GFEsK1awykJRcVmhq6z2DA": 1767, "508Y2A3yYQOyGaMDUYFXQQ": 1768, "CAElBD0ReYRnSIItIoMhKQ": 1769, "k5OG939EXRG0aDBN-7_G1w": 1770, "u0rbDMWTpxLgksbP24-6OA": 1771, "-xTAmslBDE_mq-6Kbxieag": 1772, "dT6O_rV9DWYS-zHXhA6S6w": 1773, "yNQU9f5QdqS-AEY2Gj7KxA": 1774, "BUeqfrO3j65uzd9RxC6gbw": 1775, "Crwjhtwu9QcpTrrW62tZMA": 1776, "WwaO4ziW19HnXRJQB7eiag": 1777, "D8mL8qwZsH7rbLkbNcc9bw": 1778, "zyvxtbh5eJ86bVgk52Yflg": 1779, "tuoDDqTDCB-lDgelvMrp5Q": 1780, "TThz1MQ2SCb7L48MqoRoLw": 1781, "W1tLvceQ3fy7ckQyjliLbQ": 1782, "kV3VREP4Kf25AgV04-oMEg": 1783, "KJXrVjJpLODLQAKSPNu0dQ": 1784, "waWInNypcWstWaXYW9s2Mg": 1785, "RKPkxOYQlM0BjhM-H6_vAw": 1786, "ZORKRArPzQDKrBVolmJ54w": 1787, "CEAez8zEPRtntTjqfZ39NA": 1788, "nQXLUFOsV5h26ShBgRLpGQ": 1789, "Zrs2VNFazCt7jAwi4dP69g": 1790, "gZTe6SgFxPDq5hq2fX6iSw": 1791, "ZvmZM7LBzaYbpznpHlTANA": 1792, "CWJv4QmkBrvI2Xbj-cj3NA": 1793, "x7f4mm0aW1UnXx9rfef1uw": 1794, "WzhoLpHMXI59ETuQ2sRVeQ": 1795, "sUghNLU-R_VnMVLT9ecd2A": 1796, "JRnJvyx_FpvWMWWKic8arg": 1797, "_20Jh1Fphrc0UA5FLEUKDw": 1798, "OkX3CP9LOf0-gsKZC_WkkQ": 1799, "HyecqwXeafZ9umTSw5WdOA": 1800, "cvgb6avLWd7VIaEK_v1gKQ": 1801, "EPWtvjuwxMtKlZvAbnuK1Q": 1802, "FTS8FyYTlL39X_TgzLtEbw": 1803, "14WeUBavXkLZg-p_HLNIbA": 1804, "joUwjQgPcoOsKAOSVfbIeg": 1805, "vmUqcqMjlWoBM6qfmUXgyQ": 1806, "t9rCx0ni7oabGhx2Bw-kZw": 1807, "TCBd_xOaospqUx5XIze9_w": 1808, "5f_7m6-WEdxJbA_wipk1_Q": 1809, "uaYajVEqrZNFQUonfmukAQ": 1810, "149mzYe4i5ZT4VYZjP5U9A": 1811, "SVekW9LMVadQISwsC-4asA": 1812, "0i8pCmYDTotfBS_MTr6WXw": 1813, "RVeFtkfbn0ITd19S_yaqFQ": 1814, "YlW-iaOSoWW2CINjCSk8hg": 1815, "bHPpSsGbFM9BxwiG3OYqTA": 1816, "J8KZfrUoYhErzj_6fD-SLA": 1817, "_zC91aGLwBjnMJji-rpG9A": 1818, "-6Fk7QmNWJDaDKwwcgS8PQ": 1819, "DgmAhT4MwtS_aywueKbo3A": 1820, "DL--S3W0-kR-YopomPn7wg": 1821, "X298rr3qRbnW6cJBafU2yA": 1822, "qBbTCei6_dW5-ss-7X9b5g": 1823, "JwpGFZIf5782bwOPgyrZzw": 1824, "F-OwSluUWMn0vMp3bPWMnQ": 1825, "fr1Hz2acAb3OaL3l6DyKNg": 1826, "c_Ap6RsFcZpqWN9QM-qIlQ": 1827, "Rc6zlX5SLreXs_HwcDyXew": 1828, "QGMX1H6WQTp-o8Qq3uO3dQ": 1829, "IufKA98FFrk-mxaQ-ZqTLg": 1830, "u8FTX0uDbDewm1RctRBrdg": 1831, "KJWl-11iKDi2zRlOqRhzjQ": 1832, "0jkLS0JLIqeGDXleUw-cDQ": 1833, "izxgHZIMWe331_W_lEvXhA": 1834, "uIv-QohIyddQA6JMXWsaTA": 1835, "1zaBvrsRh5txOgsByrmLEQ": 1836, "XVLKa_2IUJEiNoK86JvgQg": 1837, "o4IBlzip_-KRhRtKQqE-zQ": 1838, "sfj-X08gJNUVGNJAdxfwHg": 1839, "P-xKi0mGndWyWM3ySXgl3A": 1840, "5MYa3BbBU359oqcEYwY94w": 1841, "9-z8DCVGGVhgwU-etc4zIA": 1842, "QEpNF4Hag6_W9Stc-1Frvg": 1843, "DcdMj7GQqZbmjHmwY03QqA": 1844, "J4a0YR8lfdd91TlqQtC0HQ": 1845, "o9oREBM3WldaF7uPNUMPdQ": 1846, "iAJ15W0T6n1KMrSkGju3MQ": 1847, "XuhpPK0bZgVenkGBh7KA6w": 1848, "x5_wSiB2y5lXCFp8WlGf1A": 1849, "qexgfkeIVmkRrtHcvrnIlQ": 1850, "wPv1fF2k9tnNmEC0wg4rng": 1851, "_gkqTHB3gsU70aZxdZFjxg": 1852, "xr88IiGsgY1gLY0TR6GGrA": 1853, "njUgJcn8ZN0BdZdNEswRwA": 1854, "z1-wLzYSLC7F7QnkeAQoOw": 1855, "Fa2-VD8cqcn98vqciVn3Gw": 1856, "qSrMhNxTd5i9OhucLOj95Q": 1857, "yoph0ScpxEUzBbWYUw1dlw": 1858, "x9eMLPCzldJIgte-HnBCVQ": 1859, "9txO4_yIT_Q_m3yPy4fH1w": 1860, "owklqVl1fEq5wLoiaMpzCA": 1861, "oLjseICFHuisZmxrm6bqxA": 1862, "1kVjDa0lupEe5uhnj28sdw": 1863, "bwWGVLbtdSlcsvkc2Ttu6w": 1864, "LJxlMy7q7sil_i9aIvE6aQ": 1865, "6CFozKX_jLeGrleFQGl8-Q": 1866, "rpvrIZhQZCwAfe6amkoIog": 1867, "YftKeBGd7sZNNqQaC5JK2g": 1868, "YfdgvgOM0e3lmaXEdYq6yg": 1869, "ws5xN4JuudHqRLYleWw_1g": 1870, "nxNO7_6U2Nu90v0IdnEhIg": 1871, "hg037J_0sVd32UjkCw24Dw": 1872, "ZuniSoRZP4cS8DoWLpV9CQ": 1873, "wRlDKnAKnF2qm8srnqLf8w": 1874, "SKwMaFXP4Umiihb7bd4xlg": 1875, "NBTEgWjk8NFsTxsCuZWOyQ": 1876, "KtnUdaOufk7dKq7qypt2MA": 1877, "qEIIYHLzHVU6md7A7Iehhg": 1878, "yy1AvThp_6TINmk2qD9PKw": 1879, "ta-wYPW54SMrNtmD3LTndw": 1880, "zy0el7c-IO4BvjxUgj-ZSw": 1881, "OG1plHx9jfsrojJ7qrN5TA": 1882, "ry7rkv7q-ZE7K0rWoTGyhw": 1883, "TAsRhelKZgzW7RdlFQ0hHA": 1884, "9Qw7PWYwDSL3d2G4-sJ-Sw": 1885, "QleicUERSrGL8fibf7Mp2A": 1886, "m982bOXdBgpmVU3ROb1B2Q": 1887, "ku22MtUUexmvtzXKvJmt4Q": 1888, "96f2e36vpRvMBEZ92xiwIQ": 1889, "79ac1iJiHRT0jqn16lNMGQ": 1890, "q1XsSG9XtLoIKBFOgfej_w": 1891, "3mZrXEDBw4tZviWX0SDCoQ": 1892, "R9IJ1Byr27n6wXj3QvJ2Lg": 1893, "Il5rEF1q73uT-kzGoXIy_w": 1894, "fKXohnXgbxNEVgsAwpl9_w": 1895, "jzzfU-RLmj_00HOGi5Ky-w": 1896, "7ZAIFmz5fBaCvCGXrJZBkg": 1897, "Z40ee7j_6A2xJNTKCq4eQw": 1898, "LcA32yH74YS2Mk7UtADgGQ": 1899, "wRQazi-fHBhXiPjFCqjI5A": 1900, "Dh6OTRg1ajZ6QLZgbOTcBQ": 1901, "HBLDsdGpWd13cnu6hoeR5w": 1902, "rjDuYaK41di3_CKioCHXLA": 1903, "AAYvaNRQ0TD_2Lpo-wFOUA": 1904, "aEqgu3lpsfVKlYfuD8NpEg": 1905, "dyAaNxc4QGNxOIYz5uSy4g": 1906, "Bw7S12p7KWjvgO9lz99s7Q": 1907, "k9rIAkr_3QpFRlTgIXJAGw": 1908, "tpI3wvGLbrJs3Ds18BhUIQ": 1909, "C0ipViBez_Dd5DUNOcvbPg": 1910, "mcYVFo5w-IXERIskqvPIkg": 1911, "7zkTZXYZqI5UCVSVrIaZ5Q": 1912, "IdZkKL0NLgx336-MeLJf3A": 1913, "BTHXLOCKyo1z8ZrWq8-9_g": 1914, "HR8f5xAiRK7CtzJO2586zA": 1915, "5qhlMMo7S3q3sBqXYCO2LA": 1916, "ic-tyi1jElL_umxZVh8KNA": 1917, "77UK5depXcK3pvWvbHxoEA": 1918, "e7MEzEQMjqNPZfYthZKhwg": 1919, "3_inIIto4ZaKsuOqEaJazw": 1920, "Ibk73aIvVRTovuuzEWA86Q": 1921, "IFa11o38HIk9nsA-0qy5Pg": 1922, "n9wVtUofhFMCycI7OEu8rQ": 1923, "-FxsSuwDbIII7yo5BjHpiA": 1924, "ZbfV0l0h3MfrfuVmbIlJUA": 1925, "FdIiFCp5vPcFyWGn6_qf-Q": 1926, "UdR_LY_X02e0hikUdVHK0A": 1927, "Za2N7jB06TaW3xnNt7Hjpg": 1928, "IH0ToaZ8hJXO2pVieN7dpQ": 1929, "KSrQ-qr-dXCcJadevuS1RA": 1930, "eFUcc2QbaW0InWgsBsMiwA": 1931, "616rg1PNASXCnULIG1H9eQ": 1932, "ud-fWq-05TVr2KwONoMTtQ": 1933, "SWwV8YhdTSSW4QFEDV7G-w": 1934, "lU9v6r4bo6nh1i5z4Z-BDg": 1935, "uLHTQMhW1gJGTSeoC07Rew": 1936, "O9Dbdo2LZut3e8VqIY9gtg": 1937, "P2VwTR-pwCZK-IAtNZzU-A": 1938, "h7p-GuaHFGsiKCF4g6Bjqg": 1939, "YnAk0xF2CU2L_h3dHbOLmw": 1940, "swF_o9MtCT1MPZvWFgRzYg": 1941, "CMZDABnxD44sGlCPekFu3w": 1942, "bXr4ieQoben3YZHlUlcFLw": 1943, "2-emzYMEFFSOcEBF6B-0NQ": 1944, "h8L_oYRfB_fhpwPM9-pgpQ": 1945, "67jznGBPOlZiZfC71RipQA": 1946, "6qHQKCUvOMlP7cvKCoTyWQ": 1947, "VU_iMC9xrM3PvobEAZhTHA": 1948, "VnwAkLCq_Xx2YlJck3AxTg": 1949, "QKXluDSI8QQrlC5xQyAgjg": 1950, "LTlFSL3_MnnPu1AC-HSuPQ": 1951, "ENob_LVAk-FqNJ5-PB5Ufg": 1952, "Asz8ISAKP4Aka8Ro8iP9Uw": 1953, "cOv8ynioQdqGG9Xao_lIwA": 1954, "EhB1utCEmzdDyFtYnv4eYw": 1955, "MEgTog8Eot2kupiPE_1pmA": 1956, "KhHwhL89YnbEw8RNM03C4A": 1957, "ZmmtRCpHrOy0of1s8enW4g": 1958, "YZIqlQ0NqAxupX1jA-9yJA": 1959, "_uj5-_TKz9OLLcinuJCYbg": 1960, "hxRRK8JrzU_vQsPeQseQUA": 1961, "P6vRbbkofZrkEPxVzM4tsw": 1962, "erBDslOZXDI48j5QB_I_SA": 1963, "j9ASEWvf-5vKwVxOCkjOwQ": 1964, "eTXLP4lfgpZqD5r5HfKZMQ": 1965, "KvoHp9A3TgaiVWj4SZpdAg": 1966, "ym98brXbIw4OwjtPnEnhBQ": 1967, "KhSGkmP9adBwKfoE7V-vvg": 1968, "G6zuPaZk5O2NxYQy9384XQ": 1969, "Nk97ZPb6NSGiDP_XiPCd9Q": 1970, "zoGE1LBC3NZlGkNNFPEDxA": 1971, "7NHf3QgyGlZ_9pwdWLFdhA": 1972, "X7iSWCaekeMT9nW87NH_6w": 1973, "zu-e06_BM_TdkAZEKMrIww": 1974, "TFvhSVpxUgZWks1cZqpakA": 1975, "DDBM1aIU5t9JfwjwQRk1Sg": 1976, "YIXL0XZbbarnz63k_NJtNg": 1977, "IMrBCu7lei00U-AQ5NheNA": 1978, "6knga-vNLcCxdQmhevWjTA": 1979, "4HIsf73zmjTWlAVPUNb5kg": 1980, "Us5LJwiMKpdhdvTGkro5HQ": 1981, "RozW31TWJMSsBPjnzOZgbA": 1982, "veZGsORMB2Ti-AMxoXIP0g": 1983, "eNtU9lv7gCb-qNy7nQCQIw": 1984, "fZ_9Na3EuwqN1I9x24vcSg": 1985, "PnwOegp7RXfMeNAyO9fQhQ": 1986, "RJm5qxSw1Ct5VNrEOg1h_g": 1987, "tRDYb8Vd6VM5BpbVI89Yhw": 1988, "aXLzJNf36s0gHlqUoC2Btg": 1989, "w88C0U00pFeXOH251bPvYQ": 1990, "YvZG-SGe5Y73xD5FVEVoCg": 1991, "AXjHVxklbeyrZwcP4oge7A": 1992, "yVhfURr-941vjbK13YyGdQ": 1993, "vFd8aBLg1kFcd0kCkoi-xw": 1994, "XwtnXeJjMv64Ei9QvZ2lMw": 1995, "HRXCDZeC7_a5rOCnwTftWg": 1996, "gv0coNUFY-fibRwP8IKqPA": 1997, "zbTIv1h_SPqb3q9th1aHlA": 1998, "vG73PwW2u43An4_b4CGSuA": 1999, "X8k1Ki_ZvVKt4cQy72uGEQ": 2000, "D43OWyfzIQjL8feJpYh2SQ": 2001, "BLlHm1qhIq5VZJ6L8y5g3w": 2002, "CzSRb26YWT45DGbzlL8OTQ": 2003, "5GJ5aLTtTjGIiBz7i9GssQ": 2004, "XuaqlmZdRldcw97I_TtX9w": 2005, "wgykYTghSMc-ogU_uk-Onw": 2006, "jRxg91-yAQtpdUqnZSYHgA": 2007, "1Nhad2oChryPMqTxOaOMkw": 2008, "pBWWyf-km3s-299Wdz1RPA": 2009, "2pYQ7g7rYN0r9T4aqRRTUg": 2010, "fy2g2nxiVbHq2zBLFvCqwg": 2011, "dujrCmRbjrP7-cBRxrYkAw": 2012, "Kp-p_FxKVj5me_kEhFQwSw": 2013, "S3pLmxeNmEle4r4rXYraIw": 2014, "6uNH0CIK0uNGpCTg_O9HMw": 2015, "KJvnH0r4NhXjOF8T8TsQ6A": 2016, "GpZd0QV2wZrbE4SAhkUAbQ": 2017, "Hqh3__TgG8hNSGnnmuEYhQ": 2018, "erywWqnqC4dVQ3b9gf52Dw": 2019, "HG8QB1AUiic-zBQZU0jCWg": 2020, "IMAHbViVjHdQn8CPxyinHA": 2021, "lUO6ba9f952pc-wlIpnpVA": 2022, "nR91y6KbMbaKEix8_8BoyA": 2023, "bnU4tfrK0oXoW1xJZVlvqw": 2024, "kIADx0pgrTJNHUERMDOW0Q": 2025, "vhMMA4vymXwtoTbIrD1g6A": 2026, "MDqqw81PooYAXFNJQgs3VA": 2027, "2PfNH0lr-Kv6wrU-Nu7nuA": 2028, "pJX9dZwM5wc8_83mDckP2g": 2029, "NCjQXZnTwxsLYZR-12uUzw": 2030, "RAjPmSA0kCytqAa_uJyyQQ": 2031, "L8Euta_K7ZDA5iwBHDyhbA": 2032, "wNez7l0M4uC5PXMoYJNpAw": 2033, "UYU71DRx-UDAee-eFOFfWw": 2034, "_xrlZRaGPfgDpVydY5D1IQ": 2035, "ALNUwFXAHXmFeQ9V2gCTfA": 2036, "psNK1kQxxLHDMu-jm6F6mQ": 2037, "UclU9zIs2BnOMRKPJy5VuQ": 2038, "lQhUQjsRErpnC2TekLS_fw": 2039, "s8C7D6o_KI199rZYSFWjKw": 2040, "417svAEVHreK6c3SK4M8Tw": 2041, "nlQRh9wqg3FS4PYnM6GuMg": 2042, "7uImU07iGJJYRqvbpt5XPQ": 2043, "c7TuxPwoGlEjUEcwtKTfEQ": 2044, "cDQG_OGCpu4ATDz6rQSryw": 2045, "qcf3A5mtPntTmmSfADo6tg": 2046, "-7XrSrJfHndHc_taEXurTw": 2047, "c32M2YUuk3qvS41R05mn8g": 2048, "s3U0QDgbVsD_gnmtfTqZgg": 2049, "b_YyI6Q4DTXIlv41OITR-Q": 2050, "DHGMYJl5pPnAhOHO8zV1YQ": 2051, "3QzCMHugcEGY7OjMAWvD5g": 2052, "G24eKWWNFrKNkWUGuH-JFA": 2053, "a2X2Y8s36Jm-Vc_RYOdaxA": 2054, "M0yMTpoXwQxDUAZMLnbCPw": 2055, "kulP4rgLtL6FGAOtOgh9pw": 2056, "uPYyZrWOXrw4dKOV2BhV-Q": 2057, "b8aCjlTJDA0hoZLMAE-iLg": 2058, "O4wUOmA-X62HivDwMLfWKw": 2059, "Q9bPSt15Y1aQNFq0wegf5A": 2060, "rfDqKDpd1_B-VlkPDfHsqQ": 2061, "OIDpKC2p61qVO_spPqw1qA": 2062, "Cm_lwNm4fRFAKCDgxPkYgA": 2063, "26f9MJBar9W5xJAjewSwaw": 2064, "yTqbC9M-IMaDFMlELHzDHA": 2065, "-_Y8Mal7S750TsB6yMMDHA": 2066, "hejBq4wRk5Oe21lawuudrQ": 2067, "nMM9PhPrnZbETB3e1WmEKA": 2068, "zrf8lRek39WDIrUx80E2vg": 2069, "-NipQme-3bdfY3LlfBwzCA": 2070, "tYwBMOMEB4u4NFwR9fm4kQ": 2071, "1yrLU60_9QYzpmTP8OG0wA": 2072, "Rt9cZDL-RrpZyNlJj9S1NA": 2073, "5eXfxJK607Q1RtToOKMwbQ": 2074, "oR5az_eNCnfN7e49H3ONhg": 2075, "aFyEZ0Iv8ZaNHNULMPgOsw": 2076, "11yiaQf8NGEVFjk2egSdmg": 2077, "eaRPVRp5AndzvvngFrNgWg": 2078, "5MLTOOiFGu_-PIyjhHIs-g": 2079, "jTDVXDZjaPXT1dS-TkcshA": 2080, "Qpddd2y-_LwCpHRvqfZRzw": 2081, "dWTrJdEPoZB8LkOPv_jxsA": 2082, "5isALx5RtvA8A_GvQQavTg": 2083, "wniSiq1OoP8ebmAmIQQk3w": 2084, "IcowqfUjDSmdwtT0vp4pRg": 2085, "xalgcjscRLNPuyaAeKNThA": 2086, "WcQ01IBbW0ID01EE7bdH4g": 2087, "I3Y_taN-mnxuaVfwM5SUpA": 2088, "loqRWmfcDt4ApJtHIYq2hQ": 2089, "MatyUqISKukPYLms_I95IQ": 2090, "sIH5HbEwhbxt-4waYoDUBw": 2091, "iiaWyeXrdiddVVshvv7mzA": 2092, "3fZeYZsNbMEUo198RD9DIw": 2093, "32hMcxaohQrPBbNi5HRIeg": 2094, "6cUt5rA5EY8-mH4q-v239Q": 2095, "zxNtaKTMzZzum8ek2v4UXg": 2096, "1ho475dc9KGlg-9WXsFY_w": 2097, "Xejp85N5_YwaC7eOwO3MmQ": 2098, "8bZ9QiMWMpAka36qHh2OSg": 2099, "o-LHspbzg5Snx2GICK17RA": 2100, "6gxndY2YOZzK7E3itB_7tQ": 2101, "qdhkngCKn-qwiBJF03oMOw": 2102, "dYJPAlkQx_K7WVfbg3aj7A": 2103, "A4YsDUocwpqCjtaMS32R6g": 2104, "VJvOMCjU3_PJJR4-RhAkEg": 2105, "ZeHiKEI4SvFIZ8EC6eUlfQ": 2106, "lEyAWBqX2Plyz041C09P5w": 2107, "0efhiL1BfEuRKyQT8VXuLQ": 2108, "rEmdoDvnFb32f_7CaFKAoA": 2109, "bxDzgr0a8d2cFYBl_h8d0w": 2110, "M5BnrbRCxk2RSRywjhgJdg": 2111, "eWv4QOGX1XNjLiwAMluehw": 2112, "knIJbN-mfdxWVnxK8-BYig": 2113, "GkdDOpxSziKbrIYsg-WyZg": 2114, "2cXcFYNUxoHwClkcrYqU1Q": 2115, "GHoBAN6v5zprtUeOi4iicg": 2116, "EYHqEacohnvBTKfSTpDe_Q": 2117, "s7cNJ00GmVODbGb7_gr5aw": 2118, "DaZJEuWdvhfYpeKgBaJ6eQ": 2119, "_Snvv_nGfpctBG4OOWwGLg": 2120, "CQe3-kNns5HGOxabNXuLbQ": 2121, "LR5KLo9TkFbuLTUnQXz0xA": 2122, "hLt-plzvszhdspHJ3FbM5A": 2123, "dAdt6wiRh3V_CK_SWhc7aw": 2124, "LC0s_RIoX0MMrCYUpnzQjA": 2125, "RQWQTxfhGGJ7bGgJ1EnExQ": 2126, "fcE2GUra5td4fCPV-LqCMg": 2127, "9Y-Ehamf5nWQ6YaxoxmPzg": 2128, "kkaWSsIDLsKzHOl1UpD2tg": 2129, "bbudjqhmmnhW5Mii6mw-YA": 2130, "hKBQ-PFlcB-t5FK3HUxoyQ": 2131, "ylE_w4QR7JCz9cr9ub9l3A": 2132, "NVdI7EB9aLdTV78K0pCahQ": 2133, "_iIkmqM_PLR5SdkWaqVkLA": 2134, "mRqOKSc4DBuRPJ6BTv5UcA": 2135, "EISQq8l_82HQYXE9iDGrTA": 2136, "239IvlQTb3S5SFdYW6GQWA": 2137, "FXnHfE2PNKnc9zvkKkwDdQ": 2138, "x-aHM9y-vc5l2-XK4G6z1A": 2139, "684GOcQGwY7b0kuXzhrVEA": 2140, "YuLQI-6Go7DQA-0OTepPng": 2141, "aWcq9zSmUMbCTGyfrSAoLw": 2142, "UJJFLUq9PY8uzzM0-9kiiQ": 2143, "qj4eSnrR0aZUK2OPT-qYvA": 2144, "u4SpPgA1bIDYsV4_X3v1PQ": 2145, "w7VOBluFdYSfEXrPjsjZqA": 2146, "qUfRCH5NUyRDsJfM6jA5PQ": 2147, "9_lcpqJ53tPpo614CD1oRw": 2148, "m-cM4C61m6d3iusOS9X1pA": 2149, "KHDuc3dFLvpNgpu4z0sf-w": 2150, "gKtvHR-y1tRr94Bm3TpRbA": 2151, "3ooUUYdui0xhJLJCkINaPw": 2152, "LYHQ_anXo-4MqYipQWsezA": 2153, "RVl4wNUwiOHN79rzvld5XA": 2154, "hL327vQ6JIANtQWGCEZHMw": 2155, "sxsHfVBO43iiyYUaVZstuw": 2156, "rMnTpVfJyH_fWgf9TICCYg": 2157, "ejXVg0xN43gT2PiiNv7vmw": 2158, "FqXmGi5lqS-nX7y-Zw-gxw": 2159, "06LdtHvxpe_u-JlR_uAP8A": 2160, "xleb2I3h5-8NAicsSW_dEw": 2161, "eZz6SlVD975FH9c3ioT3Fw": 2162, "5h9JA231vPilNAIjHxwGng": 2163, "qJFKlbq9qrpeO2DUR-kBDA": 2164, "hNc9ICYav-FcOkcKaGBZDw": 2165, "6JsEeA-Z-nWl3awrR6n9ZA": 2166, "JGThqXcH7vrWJlvffs4kWQ": 2167, "wgqlFsng4Zkpic4KbM6C5w": 2168, "SXqZOsmkSqOapoUa3SDNMg": 2169, "_uXsvqMJYALJLaP0DaCWsw": 2170, "7RlmJFtraL6HqNMlHvnmsA": 2171, "xjtOgEi9ajcfbpQdMUbZZw": 2172, "xqpIK4PcB7PA21MVEAkqeQ": 2173, "zwXmvn1op5LuFF2Kveqaug": 2174, "KNI32keq5Xl2JYIppfDfHg": 2175, "sBn5m-GManXNZjsiM7lHnA": 2176, "Top64DHvKOdgo_e9sNbtgg": 2177, "Z0pPx5DfmYgQIKGu5aSa_A": 2178, "kYNAdzk9ofmaZYmTciYxCA": 2179, "7EW4MDbFBheg4Z63eX_ERg": 2180, "ludhQ7t2y0VjipY_knXxBg": 2181, "ntoA30qNb1tlyStScceCbA": 2182, "UWiwFSKylfkxCK_kSoR6vQ": 2183, "HxdiIx27kTDk8Htjj99_fQ": 2184, "87S0AGlgY7HDU_KkTbMHHQ": 2185, "UvGrtngH9e8MFhaWznAXww": 2186, "i9pHdGTNsm-Uh8dHDwKATw": 2187, "pLZIZXIebqEcrX7IVKoJRg": 2188, "tvVduaNaiI8ZwS7d5qESVw": 2189, "Y5HCsWiEDr8V1nttZj1P5g": 2190, "cBbVbcqUWrgYLP-06v0UXA": 2191, "tmsHu3v6Ot6emPzHxBgsrw": 2192, "uRgAL9v1PSVlmoY7VKlc4Q": 2193, "asFJcKE-UAzgmzOT3QG--Q": 2194, "H2uGBjLQH5s_bRRYMzEG9Q": 2195, "VB-DFqhRr_TPA1faJhHclA": 2196, "m6ePktu2cDs1auXdoIzt5w": 2197, "hbMLxeZB9OySNSUOJ-1G5w": 2198, "xQqYgOBeGgJNJgyazUiETg": 2199, "mBxDIXTmnLVcruWGEsMaBA": 2200, "OUKg4qpovErGyaK2o4lS7A": 2201, "_CPjhVY0rhN37ZQh-xP2Jw": 2202, "m9_VVE866T6fMQWtSUE4eA": 2203, "bEGLhmfZB3wgVZcn9Aswwg": 2204, "JtJSOkR3ewsm6lKXIrGnJw": 2205, "JnW0--jJ8Xcg0sJ19TCezg": 2206, "3feEElYb8I9_8kuPxtAMLw": 2207, "Z_5HcKGaTARwJKDMKX5pEw": 2208, "q5iz5euFdokOYHpN9njz_g": 2209, "vU9_lZqJQIR8btUYw7fqxA": 2210, "3mWPo1H3HjIgjKWZt3NjcQ": 2211, "dzSit2MTSrr9s-FVCnzeYA": 2212, "ytc91C6yZjQx9L1P7w_dvQ": 2213, "BS3cZAKF2Cuacqd-NQzUTg": 2214, "E6XKRjySuJXE_ULmij_ghA": 2215, "zShZM_7gg8cQ8RqNteEPgQ": 2216, "MobiUwTxmx8WBmbWCsA_7A": 2217, "Qf8vF0q5lWwpIoIPmSxPIw": 2218, "dtlT0mmIV4yiUo4aE035-Q": 2219, "CcqpZkc5ngs88akzQ0rFHg": 2220, "8HwPq5UkE-TX9jr8Di92eQ": 2221, "K5vA58EvuN87CQbuRBCiaw": 2222, "v9kNOSkmtpwAESHKtcuNjA": 2223, "ly1ggz7Rgeem8ZQorCUxSQ": 2224, "dxEU4v4fSX9aD3tH8dy7cw": 2225, "_sZ6KsJyDRvaTBRZY9Welg": 2226, "rOnsnJGYDvv36WF20qu0AQ": 2227, "bhAB5wo9iLsaExSw4apR4g": 2228, "ZVJvlDWkmxtIsxISJgNuvQ": 2229, "OfYrax_UcxeACetqilPA2Q": 2230, "rAJBp1rOWKS8mdnm_FT55g": 2231, "2ikAFXxvWfFZOUHS-9AC4A": 2232, "_tZeQDQY30XMFyDdZ765PQ": 2233, "Ne3DSl7bmpvjqEeXD2BQ9A": 2234, "gULlXagysSuWjCoWr-wFwQ": 2235, "wgiVsn5ZtsxULQb2K2gioA": 2236, "Qy9TrqVH02A3IhhT31ZnyA": 2237, "CIyIy2b_F6-2k7qNFcFV6w": 2238, "pYVBKY0_IzY7WlGGgoaWuw": 2239, "EKySBq4hnzvcvEbaeSx-ew": 2240, "h_wkTpZUMV4Yh15SSzQfow": 2241, "zgOp2LnpN1d1ETzssrypww": 2242, "qMw3Br6BK1-rD9DItQJfKg": 2243, "VYQopEMfq9LvlILxvcs-jg": 2244, "4tqv48yYK6Jk5aZsncDC-g": 2245, "XdXgIs4i5JFvtJf0rJlWsA": 2246, "TrgS0XlD250YEf281vXN0w": 2247, "3IH8qG5FNKZuMRY5TSlgYA": 2248, "gTrzjjaQ4XuWnA1xqhQfyQ": 2249, "SqkbioT3gylpW6h2cV4EGA": 2250, "c4gjYdd3u8vc8eE63xyCpA": 2251, "WO6L5yMX5LEeJuMNMjerRQ": 2252, "JmN0ZSfVzwiY1dBhKF9Uxg": 2253, "JW3s9ywVjPb_TJg_WjyT6A": 2254, "qXFpybEqJ-WCcNQnFD1Rng": 2255, "ginuRaya4wRom3kB91PGCw": 2256, "8e28SJ-JVRr6tHQ2y26Ovg": 2257, "02iXsCSnNmF5aEOvhvGs0w": 2258, "Sp2GV7D-_JLZMPQmDanzPQ": 2259, "0PxnBAgREm3V9pEZqmirQw": 2260, "OIaX_WTVzRL_rqr12FPFSw": 2261, "ystMl1kYo0KMAnafP9hx6A": 2262, "-dgC1iRp_JqBTmn5d1wRhg": 2263, "5Nl6vX1LSbd3K1KBkOVtxQ": 2264, "Pw9qJsQpTigVXnXYzkHAGA": 2265, "zg6lm7DLKJArzFxLDILhwQ": 2266, "57PsuHGDflfLyH5Mv8SNBg": 2267, "ft4vtQYOWRRIquQtoi28Rw": 2268, "g3uCwZtwi5CFrjkccBDEjw": 2269, "AJYhxhRRHlITRRpnpa6uRA": 2270, "gYeiI_21LzFWidjHbNkiyQ": 2271, "4Nh9B6Kqxak6qxV845nwbQ": 2272, "jEcSGHkE31zEGt7p_8Mbkw": 2273, "6DR4LS9hxlGcPYVho-FOQQ": 2274, "f7KnY4dW7f6-_0EjC4YZaw": 2275, "e4CL4rUo8qwiIfWWRKsrNg": 2276, "UYro9RCGGJU66b6lGQXy-A": 2277, "0xKEd3EArYyZo9K7KkqIFA": 2278, "SPuzzZ0VZ1yyD3s9ObLnaw": 2279, "DTNkYFXU0OcAK18_0MI6rA": 2280, "h_erVp39Nr3tjZxEJk-6NQ": 2281, "QKg3ZZ-gGccGNKnKIiw9vA": 2282, "vJ3YiIUVwhshFBpQDRJhPQ": 2283, "gkYMDZags2aJOVSst5k6xg": 2284, "ijz-n4u6zXZfF_IdV9Aapw": 2285, "7SKwy6chO_FgWti1jK31TA": 2286, "XjxLGWZJmVSXZ84HPytuZQ": 2287, "ULPkFUg07QPlG9oD-3hGrg": 2288, "cwWaObpevxWx9xSETx8BZA": 2289, "ykBMq1kmsczC6x901H-IFw": 2290, "sG9dTFp2WwWbRJVjj5gH2w": 2291, "BHcPaG4X220bQsqORhMFkA": 2292, "4DkhJhJMchEan4stdmah8w": 2293, "tETv94Qcn4xrN-cd2vnjCg": 2294, "vTprcHGBn9asRfI349M1Fg": 2295, "S2vKiuKvw7K8qF3Tar0sfA": 2296, "3HmloQl9Hc7CMkGNfbZ37g": 2297, "Ch759-9JBBu-UafQ2-abYQ": 2298, "7zq1qhACzE8QGnVAfTbH_w": 2299, "qpHcaQpmRVbngq1-7n_ViA": 2300, "YqLGqthg4LXpNxBDk5ZE-w": 2301, "-sa7xyGx09l8ESrpWlHC0g": 2302, "p9vAOd-h58DhUBgIVwSqKg": 2303, "3c57DbE5YVzaBqJzXTixcA": 2304, "LhB4pLBijdV5nrSKN6pbIQ": 2305, "OeMDHEXQcsq0ZGhk9Ta7qg": 2306, "7HowGU8oEguiQrpsDWpNAw": 2307, "yAbq8ImPNvA1XDcSelDU9w": 2308, "rtGnlR02bjJXp0cg-RzR6w": 2309, "DgC8Z8VmSAlWZpsc_XjbqQ": 2310, "lEeZ2ZYjg3E7Sg6CUGEe0w": 2311, "rqjKNobn-NRMqrus7FaBOQ": 2312, "mAmOMUmq2PCTu3wP-6-P1Q": 2313, "qEQob9pzNanp9BZbCiUUwQ": 2314, "IMVZIi7x3d3NIQH1T5MN-Q": 2315, "0LLg0OW7ssvmMIR3efquqw": 2316, "TCkm9M3PqOAU-9JK8BUEfg": 2317, "HMgps_zOvwidoYJIrf22jA": 2318, "TnxZgS3lrNYsPohd_OpiCg": 2319, "KUFTLo5NlzewLUPX-xBrZg": 2320, "Ih1jQFyAA-he-y38cMfbMA": 2321, "Ms2h3Q2EJDYInyJq4cPEZQ": 2322, "1_JeDgLoAcyBL87FAT4xNA": 2323, "mNB-RGqN62h9edxkSqk81g": 2324, "8Nd-oRuDp_4U5vwd715iCg": 2325, "u7lGgwVTmPaILJ0C1CwnHg": 2326, "BSwdigoJugbFKFBoocJorQ": 2327, "_AuJH7vLEEmjeC2Z_UgE_g": 2328, "tTqg9LjjMcJRwT_drOOq-A": 2329, "hHUDwrGzsxdIngqhrRqtag": 2330, "wVubhnZa6kHp9ByE8GI11Q": 2331, "VFqjEvc5fYPOQS1X-GTguA": 2332, "h5TJ1blyy0sC064MSt0RHg": 2333, "IJVqc_5NmUflKafvFyKqmQ": 2334, "alUlVVMx9NtfrvK4xAQy2w": 2335, "-euGFcMOH34-mJQ8t_iyDQ": 2336, "EuopqHg-cCgb0MjbIRCWJQ": 2337, "k4IxpOt9OzD18Jihlrn5TQ": 2338, "I6cqTgHlQHV0uYDzFOUlpw": 2339, "KHqBJiMT6mZio3vpu67MwQ": 2340, "3lOwbUvne5gQGrmHqi4vCQ": 2341, "ADqhnlIqujlHld9l2b4sHg": 2342, "_y5_AQVwBwu7_YAGlREjQQ": 2343, "QOWI2KaWjlYUsfFUVgAvbQ": 2344, "iqVVmm1vcI7Hn1PUE2t_XQ": 2345, "JQvMNDFsvT_njvRgWUir3A": 2346, "u_M2AUC19JwQ-Mzz5xKWSg": 2347, "NBztTtQtEeq3IVTluVzhIw": 2348, "WXIy2tkbJG7md1lOUmH4rg": 2349, "SyABteXA7u_-GA2nKLJ-XQ": 2350, "uGNvN23FS42Pch9qQwmcog": 2351, "6QTGt4jbNNS-2204wildqg": 2352, "tLc0wyimcpZbfhc-ozdUDw": 2353, "aakUfHsqjH8ZNHgCihwOFA": 2354, "auMoIKAcET1OwcdfGWCYBw": 2355, "rd0J9qgJsrU7YnfzLb1eQw": 2356, "8EMU7d4pCkdqUnvlIW40CA": 2357, "scfjxJFqBHYbncL1648Tdw": 2358, "KL67_tkMjEkdJa0G5nTltg": 2359, "89aoy6WORObOOdU5yPQxoQ": 2360, "t6hWIBaIfA__NpxfGV0FVQ": 2361, "UWQmWvXkt3HCpTVknRD75g": 2362, "ItSKQOJQv8BnA3xPCD5O_A": 2363, "Q6h7l3gr7YByL-XhAeGP5g": 2364, "qHWL45WdnDrosDZ2HQLkdw": 2365, "o2BGAiWVNp-ZVe7I0Ddf0w": 2366, "fAJ4v8WKt7DYkC2dskayvQ": 2367, "DlFbNJyOovNZm319yKJqSA": 2368, "WMK-2Su_q2GoxhchmotOsw": 2369, "AR4iAZuZdShphRC_oS2Slg": 2370, "aaEr2-3Qaa4jo9rkjiqibA": 2371, "SQq8b7VP7kyNU6e4-Xagew": 2372, "j-3wDEUv8iKUVWZatqwjXA": 2373, "nATTJkNtIhHqEkFfPEWsfw": 2374, "20bBIeuBi4GWYAvvQmpIUg": 2375, "bhT50kYUw3ONRI5vdDkvUw": 2376, "WSYzDXWN6YP-_mgD7owlDA": 2377, "dEvFqqQImRAaE1dT5wYMJg": 2378, "uaLJZJ0zfPgrpIciKqaLQQ": 2379, "l2JpmmYO-5OXSYehBvTfcQ": 2380, "hQnjE5ACXjrquVkI_XVe4A": 2381, "aDhZb3CPuYdjMCzLqWGU2Q": 2382, "HdvAosQHAHACOWnmpB6UBw": 2383, "aDTGObHJBkzk8QPMO9tOjg": 2384, "pamPk2N-OrlMjrY_cFJN5Q": 2385, "VgzqFRYFpymYEtQDJoEwuw": 2386, "3q2cQC60mNmSHH3LYC_j_g": 2387, "CGUcvMU8csZfMclXJfU5OA": 2388, "aOytH3Du_wk12OtoXH2Pyw": 2389, "LWM2GeEc_0fEOdM6g1iMew": 2390, "sPtik-YgGYvT3sIJZURv6g": 2391, "5qN309JwiJ8UGDUdkzA6fg": 2392, "CKqfPNGY1TbEoZ7KV4e8Pw": 2393, "LE9P8VNGFg4-JwV8Kuf3ag": 2394, "BmRgnDrHFAQGcClwJbldrg": 2395, "GjhV51ooyTM9GKY9mwuqoQ": 2396, "Jd1Ht889gQ2ytUod24vQuA": 2397, "nDLEXnDIJMGDUPC7vAQN4w": 2398, "ofS7M8HgmXUy6_OrZUL5lw": 2399, "WqeE5e5ROfaVEgkb9dAkiQ": 2400, "jRVs6KNh30LgOcAcWttJMg": 2401, "SVJvTooDYFA2OJn1vU_ofA": 2402, "o_Rh0x0AKTwniScJrHs5rA": 2403, "IpeSqOxiKCzXyApQmPJTIQ": 2404, "dYzmK4IvlFHN-sUrsnyg9Q": 2405, "iE9nUGzmetNKZMYrkD_Hug": 2406, "o0a9d1jw3v0H8RlNlTi7bA": 2407, "mVkopn2FcSNOSrirL84v0w": 2408, "TkFfkUhNLczx5LB-uR9qaw": 2409, "8J8cBUkbpUFzmWWAWM0OHg": 2410, "nhELxoEkZB63o8wHAeKkig": 2411, "RkY3bDoxG4a1FSA_tuD3Eg": 2412, "LwxisqH2Qk_BKeQ7G5T7vg": 2413, "eXych7LFgg5uI6VaRAUW2w": 2414, "_Ho-yOQpVFyCvlRk79khpQ": 2415, "PNA3cuNeBmb5BQUBWQlz7Q": 2416, "lhxw-SrSgE9CycFdIxlaEg": 2417, "1LIf1KxsMpwXSUMrEDQGog": 2418, "iOQRAYKseWzeDrFI0h_TjQ": 2419, "_KeAuX2sKECc9p-19uYB7A": 2420, "rdY18IKijUlkGavKlqdz7w": 2421, "jOZv94actrcZwlJdIgyjeg": 2422, "48-icWcLSe6euHBG1N5plA": 2423, "8OHoyl-r0TW851Z6kbdOMA": 2424, "h1Efplp9JRgCc9Q90HcoGA": 2425, "MZ_2Nd3Xe6-51tU13cF5Cw": 2426, "8kQlAv7-961DN6Gxqw1epQ": 2427, "V-jiTqYCFl0Tdxg8cmx1NQ": 2428, "GD0FETbBNVzxPYsd72U65A": 2429, "QqMeCZMhTFbvz7Em1Jfq5Q": 2430, "_I5yBAm4IAayT3kqX1qURg": 2431, "pCpZ6KF0vCOF3fyj9W8iMg": 2432, "sC50SiqFmgV5EEWkqySuJg": 2433, "4xcjS_64MEHfO4sngneFEQ": 2434, "CqQuA6sT1_CmNJWR3qkzeg": 2435, "MIiPyV6YVQqo6kFQegjKGg": 2436, "QRcEELTO1nSZsl5Gkh2PSw": 2437, "hmUTJKOaB0vI19IRNxELjg": 2438, "ilfOapB0crDB3uekMXUtaw": 2439, "dqrdUkd5RS8BQiF5k3_cXQ": 2440, "qMvJ_4Po6dYk-GX9pclRKg": 2441, "8tG-VOcqZctOrhmhGIhsTg": 2442, "lSA0wc9EnIndn5F3Q6RNmw": 2443, "JPhD3lECmXelDiaMDtzH1w": 2444, "GbL7X8pl_D44E65YMxHbkA": 2445, "TDQuFUn2r9_AWnzTj-Mh8Q": 2446, "2zUfJsjfosGieOU4ON8Jrw": 2447, "KkGGiW9rpFI7lcrdeTZxWg": 2448, "WT2Tdi8O_eanGrmxnRGk-w": 2449, "P3l_H1Od9go1vhQzpiPBIg": 2450, "TFWTfVAIWn25I_t3qYWA2A": 2451, "biPPinQbUEZZT6F_To-TSg": 2452, "t-MbBRkNIR0eM_Ha2dAF0w": 2453, "a8dCY9haN_LRPuCqab0wOg": 2454, "l4DA0dZj8__wkFee0MNIyQ": 2455, "ZyQ-ni-78Xrrb35DGbtcmg": 2456, "muvuCp-PjnyyBAJZNFG2lg": 2457, "LH2qOrxwfxPyIZJggNVTSg": 2458, "tzffkPvsKGeijAO_jWOv-A": 2459, "nXBrc581zanil7fVb8oMew": 2460, "1M1jjVB8k9rzZ5XY5rayrA": 2461, "LptaTb5ClLbfJydpOcu9yQ": 2462, "7bpfBvFhGvTKxU4WH7yyxw": 2463, "KDw1B6VZ-c0cSobzgRx06A": 2464, "e-ZAcXiRj9Lq9g8TqqMuMg": 2465, "BfWNe9ijuguuznV8s5OWjQ": 2466, "v_x3mvMjRNImhlXthrCx0w": 2467, "P3odzsW6sIdba9Lmi91Ouw": 2468, "yE9HytvnhUylfPGtHwNKWg": 2469, "xdI0pQeg5GF_3fP31T2fPA": 2470, "pkXWe1exvh-aVqYupbiLGQ": 2471, "1xFpt3S7c-8wkE18oG6QqA": 2472, "EW3jDZFPhUEKPxPMhxLN8A": 2473, "4Mw__5UeTEW5L1B7nriYqw": 2474, "HrxEA2Y6lGmTKKNbnb9AQQ": 2475, "MvZn2A07bjJFltk5wyMCIw": 2476, "XzFjXsPjn1Y5_WLZ0HFCWA": 2477, "zv7tpu7xeaNyAeFG03d2CA": 2478, "n4kAJbiZZhD7Aj4qfyueyw": 2479, "-imdPiD9l7cS-x1jEDAS-w": 2480, "0cqrmL-B35WkvTGIcu7Ofw": 2481, "Blk5LnVprRy6qGdxN2mHBw": 2482, "x-0oiV7QmfqZL14hYURwRA": 2483, "S0zqwiRSN188DIRx_vg2og": 2484, "9-DHS9YmfEDRqszj_e68GA": 2485, "hBWo_vjrlwrG75dIVr48Qw": 2486, "ow-Xzd5e8gMmHG4Du5SBQA": 2487, "TblUttf3s3eMBeW9KTCsNw": 2488, "3flVApKPvTF0UkAdPu8uTg": 2489, "I9BHJLX9XSRHYxf1mjHtlA": 2490, "q7A5qPb1O1qwkJ6hOvszgA": 2491, "ixtKgePFibGVpyMrPogstg": 2492, "ukbpkgpcC5BY3d188odjuA": 2493, "X-YWStVU5PNuBVge77HzRA": 2494, "A7io7WGZA1p0Q3_Mp9vGdw": 2495, "iHZRZUlA_YX3M1pJqJ-vNg": 2496, "c2cd2fJWzvNFxcjQPDvKmw": 2497, "iryDKCdVVSqis4yjztuGSg": 2498, "anPHG0RTHqHX1fwOrqqUWw": 2499, "8Tmuh7pnt5Ugc3Z1iKX7nw": 2500, "cLn-5fw6i8Af4E94BjiBqg": 2501, "hv-GtL9hsBqz8oM4vteGiQ": 2502, "PkNs-Rw6MHQfu6j5pBZMMw": 2503, "ET8n-r7glWYqZhuR6GcdNw": 2504, "bJ5FtCtZX3ZZacz2_2PJjA": 2505, "cufhYFdyrUAt4SWe-m0grQ": 2506, "6s-g2vFu12OemhiK3FJuOQ": 2507, "djxnI8Ux8ZYQJhiOQkrRhA": 2508, "qlC607Cyp0Mj91vDFvkp3Q": 2509, "dHxvSPU6PZqX1LQRXajGDQ": 2510, "JMP9JY5JV2HfWn8ClTBb6A": 2511, "GjVTZwgR4Z6VAc7tZ5ZXZQ": 2512, "mvK1pv-x0Z5rP4Hz9cWBWw": 2513, "M1cMsRL4L7IUr9RILDywEQ": 2514, "o0g89bEnHnmwPXQu9QJ6eg": 2515, "dZ2-HpiA8JeEZG4fRm_pVQ": 2516, "QnIrewrXxFnssw_gG1gF-Q": 2517, "uDFNUZcsK4HZbV4tOjjU1w": 2518, "3HZKZ5EEkkPmc7baT6zcbw": 2519, "oeFiWvoOG0hpMOXXxblfyQ": 2520, "h8_Mzh_ndxFwxQgLZsRs9w": 2521, "PcgtOrx8nNChB__ccEPPDw": 2522, "y9cyIC5VbyQ58WDLGbeDag": 2523, "9Bq09meTAggWpjIsier7iQ": 2524, "rUV1FUhji5xMjNBpcq5SXg": 2525, "f1MFQxTZAWJnRQdrouLg_A": 2526, "B1CvITVmO9aD6NFk0U_Y1A": 2527, "jzV56K7A_mx3y3Eh7YG26g": 2528, "2g5qaTY3_A13EysteyxwRQ": 2529, "QOg1dKpQklyjWzel1LeNgQ": 2530, "brQ7OjB6f9nXWGk45A9A3g": 2531, "0G-bcpdR48tfZy6koGUiTQ": 2532, "kxj7TPtJY2zbEjGV0PYfAA": 2533, "uw9cwb4qvH0EKvUh-X_W-w": 2534, "-IgKkE8JvYNWeGu8ze4P8Q": 2535, "JjXuiru1_ONzDkYVrHN0aw": 2536, "4wp4XI9AxKNqJima-xahlg": 2537, "VhyMPBkWc1mcFpuu2CAAKw": 2538, "mIo2cFs_89a7i0DWHT9F-w": 2539, "2qKOL7C7WbG_M3EOWvTFxA": 2540, "eJnwyot0rLyWN84DwyC0RA": 2541, "-OZPBHH7RzyPIai4AlPWKA": 2542, "pq9Xw58OEUK_DS-RB7X9MQ": 2543, "bXmJD9Xcr8H1wgIkjC1Blw": 2544, "ansmmZrzHn2hAwjEWF8ozQ": 2545, "BmVwbsL8l0imz4slonyMaA": 2546, "FXdyaWuUOmyW6svv3njB9w": 2547, "ysCBsXWPB-LAiewVS3jZfQ": 2548, "iCYMf_sHRevmzWg8la-LVw": 2549, "cSvwgRq74ElhrE6AQEm3DQ": 2550, "lByMP4tkeruOw5HdjtXTpQ": 2551, "fFWYi59ABi4Zjitm5XxW7g": 2552, "DAeC-Y66n-jNMJJw4oAfNQ": 2553, "eg0cwrodeKGLeLIDTSCXoA": 2554, "EiMaydGgNzj82ef8Hzb1kQ": 2555, "HPrVtUcrEOD1PN5BCpC-RQ": 2556, "hLsXVZ4ammtb9ZrdwA_zTA": 2557, "wQ9-iHbzSDO_8E1_dIgbMQ": 2558, "HwCWwx4PXIYJIksZN4MJZQ": 2559, "jOU73K85NeMzBsqwJtfu0A": 2560, "cKJ0r01eF7E-tYp2FQOyRA": 2561, "sgtV2_36FV0otK0pjHIHNg": 2562, "Lzd7FTvMOvfg9WmR4MoNxg": 2563, "yOixBUTirIrxyup-8jb_Ww": 2564, "NRGJ4IvauajqqCbhT640cw": 2565, "JSbptCz_mzQ0sQJN94wcwA": 2566, "pW5L2bEpxC5Kmn_-gozRCw": 2567, "hLVq7VSJBHZwqurwWoCmpg": 2568, "eSU_HjKOA3Ppt8oS07oYkw": 2569, "iHRQWjFGMcrr9RmuCsQJYw": 2570, "I9vkjKs1O5Ctf5gy0ry4yg": 2571, "NNL1zLTP2J_SOputgoPYeQ": 2572, "RRtMl0kS2ntfoxcQPJcmZA": 2573, "5tXRxr4T24Awl7vjyCvIcQ": 2574, "d7D4dYzF6THtOx9imf-wPw": 2575, "gHH7nGTPla07pSGQ45I-AA": 2576, "moQ0bObisoDRDBKQk1jG2A": 2577, "hj7o_BPgj-HdLAxdKqdx-w": 2578, "m1eC9CUh81hQ1NHRzgIOKw": 2579, "hx4_GngWpI4n5_wQx7tmfA": 2580, "EiT_pSuIb08oRn4CfwfMJg": 2581, "cVrM2BvOvPV0Vi_rC8kepQ": 2582, "Qk3tHYH7y1OUyC57_Om5og": 2583, "rm92EiaA7h5lLbAK5dJKcw": 2584, "npD9KeIpB7PX3OwBMxZ3EQ": 2585, "2HegIXvPh0OQ4M-J5wiCrg": 2586, "yLOHrp1kv9Ut4-rFVDAN8w": 2587, "EJ6_42rw8W73rxm_R4aQ2w": 2588, "tyT5SuNWUQOW_zcjPOfayQ": 2589, "OtLw_rFdk27Y8e-s3C-Kdw": 2590, "6qTleuZBVpyuj091MauswQ": 2591, "6AIDZ8RLQ5ZDdh6EUJNFww": 2592, "EPK4_bIsyVlrlsLH3RClEQ": 2593, "_muhtS8ZFnV61s7Q4JXDwQ": 2594, "Xflos_NjAxc5mEwg-uaFNA": 2595, "Bkeotb0pYtN4Hcyr4qQZ6Q": 2596, "IML25ULTDCnR_o58BIQWuA": 2597, "2n2XJatHq7j6RQgAaYDbDQ": 2598, "iTNDLYyIPFle5fAHyQYpkw": 2599, "01IhGl0XmthVaN1n0yVpfQ": 2600, "F3ELBqGgDCX9YEhz_oS0xQ": 2601, "fVInqfUrm52KCpAGuEc6Sw": 2602, "5uO8L24O3XkKKVUZnrPvYQ": 2603, "1MwoiUajN2l54d4K9uTycA": 2604, "DFTYFXMBLiuvxJFz7qStjQ": 2605, "ZFR1aPaMDgWbzsBkVEHxQA": 2606, "o9uej6H3JbSx1UScuez43Q": 2607, "gQcK5VDJsWo3RJ4VDn1E3A": 2608, "jLFkdt7EchOfA01f9Jxo9Q": 2609, "135DbbQnr3BEkQbBzZ9T1A": 2610, "e2TJsz9xbrp-ezwsV77oGw": 2611, "SqUfjn_BLUu8cNze_72kxw": 2612, "XmIyqvl9487pGH7gvrkjgg": 2613, "oHjUPJHEOGJsrPqu3B_MnA": 2614, "W48aWI8oACKFjTt1hBZb8A": 2615, "gqL5KBs2oS7qobnyd99iKg": 2616, "gy0SuPY0OqrLBZD-63MVIQ": 2617, "XMgSvrWrkuVRua-M2XPRqg": 2618, "Y_xMGVNGeuftiTj2_IDZ4g": 2619, "XbThi2N1IOrmBsb6ITFFGA": 2620, "1vh3MGM67d8HG2ZrkQfOXQ": 2621, "Lb-0y35-vafOkfd9YBWXLA": 2622, "kmo2-gxJkZjsTDOMXONjRQ": 2623, "_gpe_TTzOfZuKpIuzgArJA": 2624, "OFj6KTUzQaAi-ilVJ1OxlA": 2625, "ct9B-lnP15W7hB-oqBMOlw": 2626, "VKlzfFJUd6ANLktObH0BhA": 2627, "3RqYAJfEJDxIpX3xjnCmLw": 2628, "OdDajy5bPsgB6hp48V8y1g": 2629, "hY_0NG7JvtiXmMwR2CFnZA": 2630, "aqLXT80XQwPbJhfi_wZn0g": 2631, "e7fVEiodQMWFRzi6rNAvFw": 2632, "KGtl-GDHmyO-ABSJknDBSw": 2633, "t4RLfHlTiaC8zy15fnXG3w": 2634, "wWyR5AdkPNwxEBZhYCGiFA": 2635, "lUAeIFEtaEhiRL-n4PLeyA": 2636, "TtuLyYy4Gf41XA2JUQgY8A": 2637, "8690gLMZkjXU3xzV-DObTA": 2638, "fbO2EDVPgRk5UQ8NE7QVHw": 2639, "w1F944UMHw1KfwKflIe2mQ": 2640, "5v8AnPSXUdDLs6196RYnZA": 2641, "nA-SGbVpx7CAYfU3UHSgJQ": 2642, "WKIW7tWyMq7_XN0V2ouo0A": 2643, "Q-Aa04TTvMJgQTP97sHxiw": 2644, "nu9OxU-eqrv7PD9fKM_xFg": 2645, "doFhBZMCQAzshdb94hv7rw": 2646, "HO4-64uz5xuSmjfhP8Doxw": 2647, "zl75qAtJr_RheU3d4D8GgQ": 2648, "RVqsvbpUgir3M7-smqe1yA": 2649, "v0tcLGknvRRIDVwH4LG1jg": 2650, "Zj0QvMoxfhVRL5iUGqbNMg": 2651, "xOsjYB2HHIjiTASnEEPLOQ": 2652, "E4BsVQnG5zetbwv2x8QIWg": 2653, "pgxart9p71LvZQ_W8EJc2A": 2654, "9djH4FrXXbuv0ogIqNsWgA": 2655, "rZ95x8chskMrC5RYMiXP0A": 2656, "HmreZAKDF0mci7WwpER_lA": 2657, "YEKj6XdpB2Y9szihe3NFrA": 2658, "YsDbMDO7GAfcqZOwicRzdQ": 2659, "m2Fc8dp3pWvn0joJwAfByw": 2660, "rgSvA65McRv57TwBuEMA6Q": 2661, "sl_0uFLO4RKCefQNcPTaEw": 2662, "izdoRybAthDrhWBqc_16lQ": 2663, "-vPtYuV_dMPb0Bbzg9ECVw": 2664, "2LfAnsDKkf32TKkk9vixww": 2665, "qySkAnnYcFlGO7rwcQHHMQ": 2666, "7TJarbmD2UfHP2GBDRSN2g": 2667, "N9hqTPQu2bmI8c2Pj8F1ww": 2668, "kDKH0fcQsquMKt-ErBQ97Q": 2669, "5kODeaS7wZRtbUm6uWIyGA": 2670, "fbqb-z8c6e7d6SiyM2tHPg": 2671, "RH9ghy63_uwA426l8cp7Hg": 2672, "FR8UGOX13F0CAwpTwM2t1g": 2673, "v23TUA0o89BztD2iYO9DpA": 2674, "XBeEmeV16yfP9EXLiqkRhQ": 2675, "GX0FKxi3OjDABcw4XwQ7Jg": 2676, "TDNIX2g1jAOQw-MW5d_KAg": 2677, "G9P3h7ZGdbdc_Zt6IKC2vQ": 2678, "4AWL_QjOluYiaSgV75bJbQ": 2679, "e5hwGgorUG6KX-eSO_UCcA": 2680, "uswU6iDxsvyNpL1_OnhZ2w": 2681, "0RX9w878R80Ok5iPrNBv3g": 2682, "cRANsQ5E_sxeQ0Aoop3drg": 2683, "kjaUSiRWhR9bF9KxOMbVvg": 2684, "im1piwjKBavmW1-tbqhqEw": 2685, "nXoMel2fnA_dbgtZgpS0Uw": 2686, "zo5yKFeETsG2wGUAAMcA_w": 2687, "V3XYG1zKuW8VUBNtjacoxA": 2688, "jCPJ3ZQYZ4U1I0dKLf3SPA": 2689, "oqQdWrQVozHPa4tinmlc7A": 2690, "FhY1IXX3phu_PS_qVpSY9w": 2691, "dxUhjUbLs5IZkn1V37Kp4A": 2692, "mMtTHNOef-mTuqRouPJR2Q": 2693, "J2q78CYC_sLEHxZ-1dyZbQ": 2694, "w7dWeK2SKc4AJH00pgm8qw": 2695, "XP5hqB6A9rvXlH_LHtzUgA": 2696, "XLD6kubIF2PxJf5s7cAzCw": 2697, "9jJ9soIPyGPwkx1Pqf0DJQ": 2698, "R0UpTIyy6JPU9RBcPNkvFQ": 2699, "gjzxk8h3ct6lcHSlJ5kjow": 2700, "tgeFUChlh7v8bZFVl2-hjQ": 2701, "SPQT8wC1gFX3a-EkXkhgdQ": 2702, "EBNR8k6vxIJPnNXbQYC8Nw": 2703, "-TBFZ48Er0nXjSZpG4BmBA": 2704, "yAB89vOBgaR8S8L4E3dvgA": 2705, "xFeyKub-ppks20tF8QIgLg": 2706, "aYa5DvAzmOfdUOHJLiWAYg": 2707, "GEjwnX0gS5BpWjZ5rcM2FA": 2708, "w3kBEVUMf4C6GkcBT4vPuQ": 2709, "0PwaRSM3pfZnZ-RRczhYOQ": 2710, "hhbHcNtjhM7o_LpjBo5eZQ": 2711, "xWEGmYQiiJFpuJa1_f8Bog": 2712, "Qw28LOGr4IitwwgqvnSlww": 2713, "fb6GGfg15x2W9fJ4hAQJ0w": 2714, "nZE77LxMEj9y7WlZT1cEAA": 2715, "n-iTQUXN2Y-meUP_YrXGTg": 2716, "3UFFy3y9sYiVFJCJoaROgw": 2717, "tAbsmelp7clAjRppTMVZ9Q": 2718, "8j_g5iy_pKiJgohWtXLzVA": 2719, "6WiwqW1UorLCKYMiCuKALA": 2720, "1w-EM0mPtqoIZAgrB2N5MA": 2721, "9-j0mngRBmtuR96gMNjIug": 2722, "azEfTiM31JcoCaQca0R2Cw": 2723, "4pmi_-u2xM3yeXhXds6I1Q": 2724, "MuQhiK9Z7xIymRRcxJMojQ": 2725, "1clgMIAD7iAy-VHrwK99Pg": 2726, "nW7cJrcesOALa2KT1riIhQ": 2727, "GhuMzO3JVds90tweXV5t7A": 2728, "anGEsKKegLuEJuIZvXMCnQ": 2729, "i1t8QVSzFW9uZr-4K_abjw": 2730, "VspP8zMI87c6O0Eh30rX-A": 2731, "5zbOaHWqMOhy0G4kEg9wKg": 2732, "5SKqQa8vE5tGeB8qm4YTOA": 2733, "DThNvUdFQ88ol3-P7aOHpg": 2734, "Bjk0URaYFA8k8F-Cmxltag": 2735, "A43u_OwJGB8xw2aI7VkSMA": 2736, "xCyrTXHiUJaJiMdadI13Xg": 2737, "hqg5KVBR03nXTMouXY9myg": 2738, "ZJ6b8YGf_r0n_gUYjS4ZMQ": 2739, "LQJ7jEWxBBLYiaGVWdN5Dg": 2740, "ehDuaLuGGzQRlhxSMk8R3Q": 2741, "zOg0wEW2adv_vwuYt1LHOw": 2742, "TFwdSSKw3vWJgj0lqqd-iw": 2743, "6tJrZqiH6nkS5ptg4hsQrQ": 2744, "YNh4pFBa88NA2zUiHqBLqw": 2745, "NTev0eZnBSCB5adHrObuzQ": 2746, "9ZjwzgwOeStg55dku6CFEw": 2747, "n3aKJqRTJM8JjrFn_l6NwQ": 2748, "TRFyKGJ4cDtKIAPQOFs2HQ": 2749, "7nsC0VI_FbPe6hJGbL02HQ": 2750, "6HqlZQ2lK15mf1WxjqEHiA": 2751, "PmarJCVoEUUO1Y5Y4TUq-Q": 2752, "fBAoEWbN2mJYPEceDaCC6A": 2753, "IJqv941lKCGdywEdxf2jRQ": 2754, "chl574UHjSeYJbv8aZg9FQ": 2755, "N5rthmlZ7HxtQ084nIB7dw": 2756, "0e5VpxLQfWOFLzQtHvMkGg": 2757, "wvXOX-nV4EnkCQ9eKzvQ_A": 2758, "Lnvzb2kxl_2kEMHJOLxWiw": 2759, "P4XBhFYFpAZ-8YzdD9Iy-g": 2760, "y3MiMN-cdITJ4IPK40bLKw": 2761, "B7laWmiMZHgsxiHk2U9H9A": 2762, "oiB8fJMd96MNUugca5cvig": 2763, "3xBFFH866WoySDG7uuwBSQ": 2764, "tP72RRM5gflnC4hB_Kz1Mw": 2765, "kA4HsAXSDiqBZrJa5zqLzQ": 2766, "4y6mKKUPOmjnvY07GmOl4A": 2767, "djr7_84gX1nbLACNQ-RsIA": 2768, "8Jzj9ZK9iZDqqFBRxzLlEQ": 2769, "f6u6sLrPjC_wpS5SVaW8lA": 2770, "bFMAAZk0aUQHvp4gY31Umg": 2771, "5UowAg35JaQX5DBQ4v7_Vw": 2772, "9YDo_bXNjo7f59TPrYNp0w": 2773, "YTu0c-1I9ECeksIgoHXFPA": 2774, "1WgJN1I971Ddno30nQPBVQ": 2775, "ABmON7bUDVTxnSst_0_7Hw": 2776, "oFT6DDu2fTIg_5_2M112yg": 2777, "G9D8fK_ffX1q9kO9i-6_KQ": 2778, "Gkfx0KDQfX2lDu7sCrkVig": 2779, "3__lqt8LW6xEV1FTTaQJ8Q": 2780, "ql8cjUqJEn7aUb26Gq49bg": 2781, "gWZETLPu_ihAtLOYtrm0mw": 2782, "DzLb4V2g-KqSWN2VsDL5NQ": 2783, "TO0bPuHD4La4L1xcqd5z9Q": 2784, "RZLEy3x76eTtlYpi8De7zw": 2785, "tFSyyQ9kj0YQB11QLRx-Ww": 2786, "8lcv5rvi7SOIF-ksBV4ZPw": 2787, "2E1HnX8XFErHOQiIK2edvA": 2788, "9SQPIP8ASyy6J7Ujjzi3Ag": 2789, "sb3t5fHGm0Zxx6oJtlPCgQ": 2790, "nFG6O3rGCiWDnboitYcbJA": 2791, "nWRDqA-XXdju1jOMnN7QcA": 2792, "2M3Kp9kA2gDRl6WYZRAbPg": 2793, "81YuTfCS1qBO9RhSyTXPQw": 2794, "G1vov5Kw_C3ImjqkA7FBJA": 2795, "YqjW3aqnM2fUyyDHYnuiiQ": 2796, "PL1L1-N10zkqPvCpZ1Lpzw": 2797, "VQVhi5ObTQ8PE8glP5ZITw": 2798, "9SlcwQAgtVBdESfwbIsG2A": 2799, "YkLdmnxtmMOBcNefEO6t4w": 2800, "M6GhCo2b6PjirUSLb0IgZg": 2801, "tmk9UysAEwAj0PA1icTJsw": 2802, "lyxvWcFLoho5AB_GzZmdhw": 2803, "lXNtSJvp8EqHzwtA_NNDQQ": 2804, "auNEI7561VMt2qf37LfGZA": 2805, "aS49PVvvoAAXf9B66ovyaA": 2806, "2_OP4c5pIQcM6u4JhBNlDg": 2807, "HlD-TtF5u61RqVajCo2Hrg": 2808, "90zXuxcuzE7wFzVQCTKBlg": 2809, "XkHe39fTAhIpjfpY6MLmdA": 2810, "tsMF0FcFcHZ8i28WzWtQXw": 2811, "DKFVR3rof_LXMbqO9N4-_Q": 2812, "51MT2EldvR7fMTvU1MYxWg": 2813, "N82O-pWWp8xBJJH_UNJ0HA": 2814, "NGUrOBKHWsYg4HFMWSN9MA": 2815, "sGMB4rFamgxbFOKAmiJ0mg": 2816, "MUCPg2lTlLA8eYe1ZnoNcg": 2817, "_PGNb2CcdMujc1G9x4csBQ": 2818, "_X9QjNg-vHdxyIquRnNkEg": 2819, "2ZwkoCXl4VuMz2qOCFXNpw": 2820, "mtGXotyBXkk3kilh-fp0EA": 2821, "ML-gBz6eBm-_Fyj64R3bUw": 2822, "sqF4ovq3uOKHkNwrPc070A": 2823, "_vgG4XF8NCZBmZzP-5CTLQ": 2824, "haJT7OC0LQl4i81WWJa1Sg": 2825, "ybrpTFzyL7_n0j8huvXlVQ": 2826, "CtXVj23D4KqPeBuYHEGVUg": 2827, "JOyX-f-sXK8_7pKou9lPrQ": 2828, "kW2AjUC3cp3j1FtdqvJY8Q": 2829, "6jjHo9Lilv3kTy87pm2ycw": 2830, "pVFYKzvRKCgSYMs-NoNwmw": 2831, "D-bqLpijiXykkuY1RMs-9g": 2832, "0KUbWJfYyoN6MPgDGNFF-g": 2833, "2kicwiHD5Nj3PxKuseKDtA": 2834, "N0zPkywxRWcdwIdDydRjsg": 2835, "gDnJveKiqe7Ff_SVSX70qg": 2836, "kIVlnCkkAscCfScYs4y2nQ": 2837, "eg2oca7uVYE4HwH0o2uD-g": 2838, "nQejfoYC27AZSIBiOMR_7Q": 2839, "rfFCDTjJMN7ChYcCKkcHag": 2840, "EJuB6-MPmUECYUyduR2xmg": 2841, "ZcogXYI50Ja_6b4CdEG_0Q": 2842, "hw5zmHc2QaiO-LCIs5MqHA": 2843, "oMsUxjN55Kxi9P9s22bxbQ": 2844, "JDeORosKZiqvvKhIqz4cZw": 2845, "AVLJAYdoeyI81qi8ppkKYA": 2846, "faG-gAtH1RxD82D66k1nTA": 2847, "d-UnWjdp567MVvCyREcovQ": 2848, "5wkw8oWWumsncnyfdH56qw": 2849, "WqScj3d0EiisaAwa-KSA8w": 2850, "1cvHek57wGceg2MJr4eF4A": 2851, "ybN5igJTmnkFHXU4qseiDA": 2852, "H11jS_iT9_bUMaVxH2AIbg": 2853, "oCTKHWdDbzTdfKq2lCB6Cg": 2854, "4BUDG3wEofTByb125aFcXQ": 2855, "MR1UmrgO938K3EnGBUZdng": 2856, "dZVPpzoWIdt7QuEDAHD9EQ": 2857, "UZOm2svtUK-lGt4oTvh4LA": 2858, "ZKoyWySQNpYhinKc-qOo8g": 2859, "reOsjVoPYkAQyVVau2crFg": 2860, "B781MEhBomkqqeSFwjkk_Q": 2861, "q3REJnRgidfOushLTm83Kw": 2862, "VhLrzl5fzejBlQ74ZV6tqA": 2863, "AzV31K5dNQpTJzPRnPTesQ": 2864, "30mUxuOF6SMV59mE3gB2cg": 2865, "qQkGAvvHqxpGn4ejf4dQKw": 2866, "iGmMO0lzLBtS9gXYGRoyEg": 2867, "-VOCFO1QSCjAxl_0LIrZ9Q": 2868, "8J3qxFKlcB6_OryZI90sNg": 2869, "V_xF8KHPp2vA9FNzhRZFjg": 2870, "yPXTeDUgD0PcT_A8A_UReQ": 2871, "MRZ0kv1a5MsaC19fCdHo-Q": 2872, "ooPAEYfz67q-rKKZbqHuow": 2873, "6XyQ3fGGMCVS1W7ma9chng": 2874, "giQSReOdlfwPd9dND2FvDg": 2875, "rFEruugBZt1T2VP0FdHJ2g": 2876, "cCkgEykyLXN5lROU_FBy2A": 2877, "uDMVdKN96iTB9RlMHx2Isw": 2878, "qjGAOvRlQmqCqCNBapqtrg": 2879, "-CzwjrantVGMmZB8Qj_7-Q": 2880, "p-_xTXwwIEnUUO0ok7j_Sg": 2881, "Glq_5Fn45I4HkNqRhfuDkw": 2882, "XXDSnBwj1h0Y_sUO3O26Og": 2883, "aARSbRkNGGVLA8mWwESOyg": 2884, "pKtnb9Nswv_FENpfEnE0Kw": 2885, "tUW0AXg4C3H9TP5lyhoQuA": 2886, "8zzaKHYBZGoVRIbqN8-Zdw": 2887, "OX4_akjuGENS82zhiMdrfA": 2888, "_gb0L86yLa4vCjfwKcw7Bw": 2889, "18eGsiUR7Cl4zdeF0NccAg": 2890, "9J7veQpPtuAjTOZW5B0lIw": 2891, "uy6xwCIV-iRTRwWtaFm4Yw": 2892, "hf4bjfZjYwpikSFRyr-6fA": 2893, "T1N5bWLcsPiwKPOyE6wZxg": 2894, "0T2UB266WSFK4H6yoEvzAQ": 2895, "d9kFnjd5OKAdxBG0LdA-6w": 2896, "VN3apynnuv00bFwNOnXqqg": 2897, "cJg5C9tslHaCj591OzY5bQ": 2898, "8QHSx03tqV73kXysDnwhbQ": 2899, "ZcF_ZT3iMLNWNnDoN53FGQ": 2900, "wcbbeGF5a4Q4kh3Nl84AQQ": 2901, "XiQCWP14KLGbDMtooqB_6A": 2902, "qT1-N9hjbyjMW4Mvq4uU4w": 2903, "PlkcpVx74F5bcjTznVoTEg": 2904, "r-_wlZSD5C6TlRQnT2aQDQ": 2905, "lb7b5lcf4pdab5sfhykpoA": 2906, "eeErZzgWenz9ck7FGdFUfw": 2907, "Io7iu18yGIeExchWaVyUkA": 2908, "HhmfLlMNYKqBPyJ_Y4Fi3g": 2909, "bwSrXpkW5p6CRh5i1IyHGQ": 2910, "MaFxvpVOz-lKqvpbWeLwNA": 2911, "mQ7nxSdJsak1tlmP2TCPxg": 2912, "iRXnJMgDIHnFPKhUvE3ABA": 2913, "ygQxFoytqvt6W0E2NQPJow": 2914, "JR769FnCuNtMVYfAz3rAew": 2915, "S_VUtqoT9eHYrcb4qTVdIw": 2916, "lBd2PMaBPdpRbUQEh1hHSg": 2917, "8oyNLE1bZedbcsHYaTJj2w": 2918, "sWl-MmUeZsIsccorFuw-1A": 2919, "k2XXqWY59Ly_6GMcVOKFSg": 2920, "XeeUnN-5MS4QUyOlHOuKeQ": 2921, "woZhhAj9QrzMYBJ8M7uJFA": 2922, "-osCLAwDukSX4xqIghmIjA": 2923, "kVsMoQ7PdeUYIYZ4hgOJ1w": 2924, "Mv6xVzDKY6fA2Ph4etpExQ": 2925, "hTTdeslxePF45JBc7hfsVw": 2926, "henDqMyd5F1K6jBnHTrYqQ": 2927}